rank,item,repo_name,stars,forks,language,repo_url,username,issues,last_commit,description
1,top-100-stars,system-design-primer,125615,22927,Python,https://github.com/donnemartin/system-design-primer,donnemartin,186,2021-03-28T18:39:36Z,Learn how to design large-scale systems. Prep for the system design interview.  Includes Anki flashcards.
2,top-100-stars,public-apis,116196,14290,Python,https://github.com/public-apis/public-apis,public-apis,153,2021-04-04T16:47:53Z,A collective list of free APIs
3,top-100-stars,Python-100-Days,101327,40635,Python,https://github.com/jackfrued/Python-100-Days,jackfrued,555,2021-04-05T16:57:54Z,Python - 100å¤©ä»æ–°æ‰‹åˆ°å¤§å¸ˆ
4,top-100-stars,awesome-python,95581,18677,Python,https://github.com/vinta/awesome-python,vinta,146,2021-04-01T19:28:50Z,"A curated list of awesome Python frameworks, libraries, software and resources"
5,top-100-stars,youtube-dl,92626,4554,Python,https://github.com/ytdl-org/youtube-dl,ytdl-org,3999,2021-04-05T09:12:10Z,Command-line program to download videos from YouTube.com and other video sites
6,top-100-stars,thefuck,59644,2840,Python,https://github.com/nvbn/thefuck,nvbn,258,2021-03-30T21:12:46Z,Magnificent app which corrects your previous console command.
7,top-100-stars,django,56581,24225,Python,https://github.com/django/django,django,165,2021-04-05T23:25:48Z,The Web framework for perfectionists with deadlines.
8,top-100-stars,keras,50969,18737,Python,https://github.com/keras-team/keras,keras-team,3244,2021-04-05T21:25:59Z,Deep Learning for humans
9,top-100-stars,httpie,50352,3280,Python,https://github.com/httpie/httpie,httpie,143,2021-03-30T20:54:53Z,"As easy as /aitch-tee-tee-pie/ ğŸ¥§ Modern, user-friendly command-line HTTP client for the API era. JSON support, colors, sessions, downloads, plugins & more. https://twitter.com/httpie"
10,top-100-stars,awesome-machine-learning,49612,12306,Python,https://github.com/josephmisiti/awesome-machine-learning,josephmisiti,2,2021-04-01T06:53:48Z,"A curated list of awesome Machine Learning frameworks, libraries and software."
11,top-100-stars,ansible,47647,20446,Python,https://github.com/ansible/ansible,ansible,1855,2021-04-06T00:42:52Z,"Ansible is a radically simple IT automation platform that makes your applications and systems easier to deploy and maintain. Automate everything from code deployment to network configuration to cloud management, in a language that approaches plain English, using SSH, with no agents to install on remote systems. https://docs.ansible.com."
12,top-100-stars,scikit-learn,45112,21267,Python,https://github.com/scikit-learn/scikit-learn,scikit-learn,2377,2021-04-05T22:19:41Z,scikit-learn: machine learning in Python
13,top-100-stars,requests,44902,8216,Python,https://github.com/psf/requests,psf,320,2021-03-31T10:25:43Z,"A simple, yet elegant HTTP library."
14,top-100-stars,scrapy,40241,9103,Python,https://github.com/scrapy/scrapy,scrapy,783,2021-04-05T20:58:58Z,"Scrapy, a fast high-level web crawling & scraping framework for Python."
15,top-100-stars,big-list-of-naughty-strings,40199,1862,Python,https://github.com/minimaxir/big-list-of-naughty-strings,minimaxir,75,2021-03-27T07:44:40Z,The Big List of Naughty Strings is a list of strings which have a high probability of causing issues when used as user-input data.
16,top-100-stars,HelloGitHub,39613,5888,Python,https://github.com/521xueweihan/HelloGitHub,521xueweihan,12,2021-03-31T07:04:49Z,:octocat: åˆ†äº« GitHub ä¸Šæœ‰è¶£ã€å…¥é—¨çº§çš„å¼€æºé¡¹ç›®ï¼ˆ5 å‘¨å¹´ï¼‰
17,top-100-stars,face_recognition,39265,11043,Python,https://github.com/ageitgey/face_recognition,ageitgey,594,2021-03-20T02:37:00Z,The world's simplest facial recognition api for Python and the command line
18,top-100-stars,superset,36288,7101,Python,https://github.com/apache/superset,apache,879,2021-04-05T23:56:39Z,Apache Superset is a Data Visualization and Data Exploration Platform
19,top-100-stars,faceswap,34814,10727,Python,https://github.com/deepfakes/faceswap,deepfakes,9,2021-04-03T11:54:04Z,Deepfakes Software For All
20,top-100-stars,shadowsocks,32980,19603,Python,https://github.com/shadowsocks/shadowsocks,shadowsocks,447,2021-02-28T20:39:55Z,
21,top-100-stars,interview_internal_reference,30964,8471,Python,https://github.com/0voice/interview_internal_reference,0voice,24,2021-03-03T08:23:36Z,2021å¹´æœ€æ–°æ€»ç»“ï¼Œé˜¿é‡Œï¼Œè…¾è®¯ï¼Œç™¾åº¦ï¼Œç¾å›¢ï¼Œå¤´æ¡ç­‰æŠ€æœ¯é¢è¯•é¢˜ç›®ï¼Œä»¥åŠç­”æ¡ˆï¼Œä¸“å®¶å‡ºé¢˜äººåˆ†ææ±‡æ€»ã€‚
22,top-100-stars,XX-Net,30624,7833,Python,https://github.com/XX-net/XX-Net,XX-net,7698,2021-01-20T11:06:31Z,A proxy tool to bypass GFW.
23,top-100-stars,CppCoreGuidelines,30373,4063,Python,https://github.com/isocpp/CppCoreGuidelines,isocpp,179,2021-04-05T19:11:12Z,"The C++ Core Guidelines are a set of tried-and-true guidelines, rules, and best practices about coding in C++"
24,top-100-stars,Deep-Learning-Papers-Reading-Roadmap,29594,6501,Python,https://github.com/floodsung/Deep-Learning-Papers-Reading-Roadmap,floodsung,82,2021-02-01T15:08:16Z,Deep Learning papers reading roadmap for anyone who are eager to learn this amazing tech!
25,top-100-stars,localstack,29485,2338,Python,https://github.com/localstack/localstack,localstack,273,2021-04-05T23:03:38Z,ğŸ’»  A fully functional local AWS cloud stack. Develop and test your cloud & Serverless apps offline!
26,top-100-stars,fastapi,29310,2029,Python,https://github.com/tiangolo/fastapi,tiangolo,782,2021-04-05T05:59:31Z,"FastAPI framework, high performance, easy to learn, fast to code, ready for production"
27,top-100-stars,pandas,29231,12158,Python,https://github.com/pandas-dev/pandas,pandas-dev,3738,2021-04-05T23:01:32Z,"Flexible and powerful data analysis / manipulation library for Python, providing labeled data structures similar to R data.frame objects, statistical functions, and much more"
28,top-100-stars,python-patterns,28011,5797,Python,https://github.com/faif/python-patterns,faif,10,2021-01-25T22:10:37Z,A collection of design patterns/idioms in Python
29,top-100-stars,certbot,27869,3070,Python,https://github.com/certbot/certbot,certbot,579,2021-04-06T00:06:47Z,Certbot is EFF's tool to obtain certs from Let's Encrypt and (optionally) auto-enable HTTPS on your server.  It can also act as a client for any other CA that uses the ACME protocol.
30,top-100-stars,sentry,27696,3106,Python,https://github.com/getsentry/sentry,getsentry,310,2021-04-06T00:41:05Z,"Sentry is cross-platform application monitoring, with a focus on error reporting."
31,top-100-stars,wtfpython,26389,2208,Python,https://github.com/satwikkansal/wtfpython,satwikkansal,52,2021-03-20T09:52:36Z,What the f*ck Python? ğŸ˜±
32,top-100-stars,jieba,25907,6176,Python,https://github.com/fxsjy/jieba,fxsjy,601,2020-12-05T18:32:32Z,ç»“å·´ä¸­æ–‡åˆ†è¯
33,top-100-stars,DeepFaceLab,25678,5738,Python,https://github.com/iperov/DeepFaceLab,iperov,274,2021-04-02T12:13:30Z,DeepFaceLab is the leading software for creating deepfakes.
34,top-100-stars,rich,25024,744,Python,https://github.com/willmcgugan/rich,willmcgugan,4,2021-04-05T10:04:34Z,Rich is a Python library for rich text and beautiful formatting in the terminal.
35,top-100-stars,Detectron,24264,5314,Python,https://github.com/facebookresearch/Detectron,facebookresearch,319,2021-04-01T12:34:06Z,"FAIR's research platform for object detection research, implementing popular algorithms like Mask R-CNN and RetinaNet."
36,top-100-stars,cheat.sh,23908,1219,Python,https://github.com/chubin/cheat.sh,chubin,84,2021-03-18T14:27:51Z,the only cheat sheet you need
37,top-100-stars,Real-Time-Voice-Cloning,23708,4601,Python,https://github.com/CorentinJ/Real-Time-Voice-Cloning,CorentinJ,12,2021-04-05T03:51:07Z,Clone a voice in 5 seconds to generate arbitrary speech in real-time
38,top-100-stars,PayloadsAllTheThings,23198,6839,Python,https://github.com/swisskyrepo/PayloadsAllTheThings,swisskyrepo,11,2021-04-02T20:39:36Z,A list of useful payloads and bypass for Web Application Security and Pentest/CTF
39,top-100-stars,YouCompleteMe,22714,2631,Python,https://github.com/ycm-core/YouCompleteMe,ycm-core,36,2021-04-05T21:03:11Z,A code-completion engine for Vim
40,top-100-stars,HanLP,22447,6014,Python,https://github.com/hankcs/HanLP,hankcs,4,2021-03-28T15:49:20Z,ä¸­æ–‡åˆ†è¯ è¯æ€§æ ‡æ³¨ å‘½åå®ä½“è¯†åˆ« ä¾å­˜å¥æ³•åˆ†æ è¯­ä¹‰ä¾å­˜åˆ†æ æ–°è¯å‘ç° å…³é”®è¯çŸ­è¯­æå– è‡ªåŠ¨æ‘˜è¦ æ–‡æœ¬åˆ†ç±»èšç±» æ‹¼éŸ³ç®€ç¹è½¬æ¢ è‡ªç„¶è¯­è¨€å¤„ç†
41,top-100-stars,compose,22282,3715,Python,https://github.com/docker/compose,docker,515,2021-04-05T21:23:18Z,Define and run multi-container applications with Docker
42,top-100-stars,interactive-coding-challenges,22212,3558,Python,https://github.com/donnemartin/interactive-coding-challenges,donnemartin,58,2020-12-11T15:29:16Z,120+ interactive Python coding interview challenges (algorithms and data structures).  Includes Anki flashcards.
43,top-100-stars,Python,22108,9864,Python,https://github.com/geekcomputers/Python,geekcomputers,202,2021-04-05T07:18:22Z,My Python Examples
44,top-100-stars,mitmproxy,21987,2816,Python,https://github.com/mitmproxy/mitmproxy,mitmproxy,231,2021-04-05T08:31:54Z,An interactive TLS-capable intercepting HTTP proxy for penetration testers and software developers.
45,top-100-stars,python-cheatsheet,21951,4016,Python,https://github.com/gto76/python-cheatsheet,gto76,23,2021-04-04T09:56:43Z,Comprehensive Python Cheatsheet
46,top-100-stars,pipenv,21718,1607,Python,https://github.com/pypa/pipenv,pypa,516,2021-04-01T12:34:07Z, Python Development Workflow for Humans.
47,top-100-stars,ItChat,21333,5016,Python,https://github.com/littlecodersh/ItChat,littlecodersh,231,2021-03-31T05:56:33Z,A complete and graceful API for Wechat. å¾®ä¿¡ä¸ªäººå·æ¥å£ã€å¾®ä¿¡æœºå™¨äººåŠå‘½ä»¤è¡Œå¾®ä¿¡ï¼Œä¸‰åè¡Œå³å¯è‡ªå®šä¹‰ä¸ªäººå·æœºå™¨äººã€‚
48,top-100-stars,airflow,21038,8278,Python,https://github.com/apache/airflow,apache,952,2021-04-06T00:44:06Z,"Apache Airflow - A platform to programmatically author, schedule, and monitor workflows"
49,top-100-stars,data-science-ipython-notebooks,20903,6513,Python,https://github.com/donnemartin/data-science-ipython-notebooks,donnemartin,20,2021-02-18T10:51:00Z,"Data science Python notebooks: Deep learning (TensorFlow, Theano, Caffe, Keras), scikit-learn, Kaggle, big data (Spark, Hadoop MapReduce, HDFS), matplotlib, pandas, NumPy, SciPy, Python essentials, AWS, and various command lines."
50,top-100-stars,algo,20427,1765,Python,https://github.com/trailofbits/algo,trailofbits,92,2021-03-16T00:12:09Z,Set up a personal VPN in the cloud
51,top-100-stars,black,20165,1302,Python,https://github.com/psf/black,psf,439,2021-04-04T21:40:23Z,The uncompromising Python code formatter
52,top-100-stars,pytorch-tutorial,20125,6349,Python,https://github.com/yunjey/pytorch-tutorial,yunjey,77,2021-03-10T08:49:34Z,PyTorch Tutorial for Deep Learning Researchers
53,top-100-stars,sqlmap,19769,4237,Python,https://github.com/sqlmapproject/sqlmap,sqlmapproject,45,2021-04-05T17:00:41Z,Automatic SQL injection and database takeover tool
54,top-100-stars,Mask_RCNN,19728,9499,Python,https://github.com/matterport/Mask_RCNN,matterport,1653,2021-04-04T20:32:15Z,Mask R-CNN for object detection and instance segmentation on Keras and TensorFlow
55,top-100-stars,ML-From-Scratch,19685,3798,Python,https://github.com/eriklindernoren/ML-From-Scratch,eriklindernoren,38,2021-03-23T07:52:00Z,Machine Learning From Scratch. Bare bones NumPy implementations of machine learning models and algorithms with a focus on accessibility. Aims to cover everything from linear regression to deep learning.
56,top-100-stars,python-fire,18893,1139,Python,https://github.com/google/python-fire,google,99,2021-04-01T15:28:56Z,Python Fire is a library for automatically generating command line interfaces (CLIs) from absolutely any Python object.
57,top-100-stars,redash,18512,3183,Python,https://github.com/getredash/redash,getredash,609,2021-04-06T00:06:33Z,"Make Your Company Data Driven. Connect to any data source, easily visualize, dashboard and share your data."
58,top-100-stars,tqdm,17948,925,Python,https://github.com/tqdm/tqdm,tqdm,279,2021-04-06T00:32:42Z,"A Fast, Extensible Progress Bar for Python and CLI"
59,top-100-stars,hosts,17606,1561,Python,https://github.com/StevenBlack/hosts,StevenBlack,37,2021-04-05T01:14:53Z,"ğŸ”’ Consolidating and extending hosts files from several well-curated sources. Optionally pick extensions for porn, social media, and other categories."
60,top-100-stars,Depix,17565,2098,Python,https://github.com/beurtschipper/Depix,beurtschipper,5,2021-03-27T16:03:45Z,Recovers passwords from pixelized screenshots
61,top-100-stars,numpy,16748,5377,Python,https://github.com/numpy/numpy,numpy,2269,2021-04-05T21:39:36Z,The fundamental package for scientific computing with Python.
62,top-100-stars,magenta,16475,3400,Python,https://github.com/magenta/magenta,magenta,301,2021-03-30T17:25:43Z,Magenta: Music and Art Generation with Machine Intelligence
63,top-100-stars,spleeter,16004,1653,Python,https://github.com/deezer/spleeter,deezer,83,2021-04-02T14:21:24Z,Deezer source separation library including pretrained models.
64,top-100-stars,CheatSheetSeries,15874,2311,Python,https://github.com/OWASP/CheatSheetSeries,OWASP,28,2021-04-04T15:36:01Z,The OWASP Cheat Sheet Series was created to provide a concise collection of high value information on specific application security topics.
65,top-100-stars,examples,15838,7428,Python,https://github.com/pytorch/examples,pytorch,308,2021-04-02T22:08:21Z,"A set of examples around pytorch in Vision, Text, Reinforcement Learning, etc."
66,top-100-stars,bitcoinbook,15815,4352,Python,https://github.com/bitcoinbook/bitcoinbook,bitcoinbook,60,2021-04-04T20:43:40Z,Mastering Bitcoin 2nd Edition - Programming the Open Blockchain
67,top-100-stars,locust,15768,2098,Python,https://github.com/locustio/locust,locustio,54,2021-04-04T08:31:17Z,Scalable user load testing tool written in Python
68,top-100-stars,reddit,15708,2872,Python,https://github.com/reddit-archive/reddit,reddit-archive,304,2017-10-17T19:57:07Z,historical code from reddit.com
69,top-100-stars,cascadia-code,15636,475,Python,https://github.com/microsoft/cascadia-code,microsoft,43,2021-03-31T20:22:38Z,"This is a fun, new monospaced font that includes programming ligatures and is designed to enhance the modern look and feel of the Windows Terminal."
70,top-100-stars,ray,15478,2519,Python,https://github.com/ray-project/ray,ray-project,1459,2021-04-06T00:35:32Z,"An open source framework that provides a simple, universal API for building distributed applications. Ray is packaged with RLlib, a scalable reinforcement learning library, and Tune, a scalable hyperparameter tuning library."
71,top-100-stars,professional-programming,15445,1388,Python,https://github.com/charlax/professional-programming,charlax,0,2021-03-25T11:21:47Z,A collection of full-stack resources for programmers.
72,top-100-stars,bokeh,14937,3684,Python,https://github.com/bokeh/bokeh,bokeh,671,2021-04-06T00:02:41Z,"Interactive Data Visualization in the browser, from  Python"
73,top-100-stars,Awesome-Linux-Software,14781,1560,Python,https://github.com/luong-komorebi/Awesome-Linux-Software,luong-komorebi,22,2021-03-15T22:42:36Z,"A list of awesome applications, software, tools and other materials for Linux distros. "
74,top-100-stars,sanic,14776,1334,Python,https://github.com/sanic-org/sanic,sanic-org,45,2021-04-06T00:32:10Z,Async Python 3.7+ web server/framework | Build fast. Run fast.
75,top-100-stars,Paddle,14759,3648,Python,https://github.com/PaddlePaddle/Paddle,PaddlePaddle,2591,2021-04-05T13:57:01Z,PArallel Distributed Deep LEarning: Machine Learning Framework from Industrial Practice ï¼ˆã€é£æ¡¨ã€æ ¸å¿ƒæ¡†æ¶ï¼Œæ·±åº¦å­¦ä¹ &æœºå™¨å­¦ä¹ é«˜æ€§èƒ½å•æœºã€åˆ†å¸ƒå¼è®­ç»ƒå’Œè·¨å¹³å°éƒ¨ç½²ï¼‰
76,top-100-stars,ipython,14744,4146,Python,https://github.com/ipython/ipython,ipython,1485,2021-04-05T10:44:35Z,"Official repository for IPython itself. Other repos in the IPython organization contain things like the website, documentation builds, etc."
77,top-100-stars,pytorch-CycleGAN-and-pix2pix,14640,4403,Python,https://github.com/junyanz/pytorch-CycleGAN-and-pix2pix,junyanz,348,2021-04-05T20:18:29Z,Image-to-Image Translation in PyTorch
78,top-100-stars,nginx-proxy,14615,2608,Python,https://github.com/nginx-proxy/nginx-proxy,nginx-proxy,667,2021-04-05T22:11:53Z,Automated nginx proxy for Docker containers using docker-gen
79,top-100-stars,PySnooper,14347,888,Python,https://github.com/cool-RR/PySnooper,cool-RR,18,2021-04-04T12:13:54Z,Never use print for debugging again
80,top-100-stars,python-telegram-bot,14302,3025,Python,https://github.com/python-telegram-bot/python-telegram-bot,python-telegram-bot,25,2021-04-05T11:25:27Z,We have made you a wrapper you can't refuse
81,top-100-stars,mmdetection,14255,4906,Python,https://github.com/open-mmlab/mmdetection,open-mmlab,366,2021-04-05T13:30:14Z,OpenMMLab Detection Toolbox and Benchmark
82,top-100-stars,dash,14255,1451,Python,https://github.com/plotly/dash,plotly,418,2021-04-02T13:48:58Z,"Analytical Web Apps for Python, R, Julia, and Jupyter. No JavaScript Required."
83,top-100-stars,wttr.in,14117,694,Python,https://github.com/chubin/wttr.in,chubin,142,2021-04-05T16:25:21Z,:partly_sunny: The right way to check the weather
84,top-100-stars,streamlit,14041,1197,Python,https://github.com/streamlit/streamlit,streamlit,497,2021-04-06T00:42:46Z,Streamlit â€” The fastest way to build data apps in Python
85,top-100-stars,wechat_jump_game,13887,4533,Python,https://github.com/wangshub/wechat_jump_game,wangshub,33,2021-03-18T20:24:22Z,å¾®ä¿¡ã€Šè·³ä¸€è·³ã€‹Python è¾…åŠ©
86,top-100-stars,labelImg,13814,4464,Python,https://github.com/tzutalin/labelImg,tzutalin,286,2021-04-01T14:51:48Z,ğŸ–ï¸ LabelImg is a graphical image annotation tool and label object bounding boxes in images
87,top-100-stars,matplotlib,13408,5744,Python,https://github.com/matplotlib/matplotlib,matplotlib,1697,2021-04-06T00:30:58Z,matplotlib: plotting with Python
88,top-100-stars,zulip,13313,4435,Python,https://github.com/zulip/zulip,zulip,2069,2021-04-06T00:45:13Z,Zulip server and webapp - powerful open source team chat
89,top-100-stars,awesome-python-login-model,13126,2904,Python,https://github.com/Kr1s77/awesome-python-login-model,Kr1s77,53,2020-10-01T19:46:02Z,ğŸ˜®pythonæ¨¡æ‹Ÿç™»é™†ä¸€äº›å¤§å‹ç½‘ç«™ï¼Œè¿˜æœ‰ä¸€äº›ç®€å•çš„çˆ¬è™«ï¼Œå¸Œæœ›å¯¹ä½ ä»¬æœ‰æ‰€å¸®åŠ©â¤ï¸ï¼Œå¦‚æœå–œæ¬¢è®°å¾—ç»™ä¸ªstarå“¦ğŸŒŸ
90,top-100-stars,chinese-programmer-wrong-pronunciation,12899,1124,Python,https://github.com/shimohq/chinese-programmer-wrong-pronunciation,shimohq,74,2021-04-01T21:39:26Z,ä¸­å›½ç¨‹åºå‘˜å®¹æ˜“å‘éŸ³é”™è¯¯çš„å•è¯
91,top-100-stars,kivy,12878,2677,Python,https://github.com/kivy/kivy,kivy,823,2021-04-05T22:38:26Z,"Open source UI framework written in Python, running on Windows, Linux, macOS, Android and iOS"
92,top-100-stars,pytorch-lightning,12830,1505,Python,https://github.com/PyTorchLightning/pytorch-lightning,PyTorchLightning,312,2021-04-05T23:50:42Z,"The lightweight PyTorch wrapper for high-performance AI research. Scale your models, not the boilerplate."
93,top-100-stars,python-spider,12775,5001,Python,https://github.com/Jack-Cherish/python-spider,Jack-Cherish,4,2021-03-31T18:54:00Z,:rainbow:Python3ç½‘ç»œçˆ¬è™«å®æˆ˜ï¼šæ·˜å®ã€äº¬ä¸œã€ç½‘æ˜“äº‘ã€Bç«™ã€12306ã€æŠ–éŸ³ã€ç¬”è¶£é˜ã€æ¼«ç”»å°è¯´ä¸‹è½½ã€éŸ³ä¹ç”µå½±ä¸‹è½½ç­‰
94,top-100-stars,prophet,12483,3582,Python,https://github.com/facebook/prophet,facebook,49,2021-04-03T22:03:29Z,Tool for producing high quality forecasts for time series data that has multiple seasonality with linear or non-linear growth.
95,top-100-stars,autojump,12411,585,Python,https://github.com/wting/autojump,wting,180,2021-02-05T18:39:40Z,A cd command that learns - easily navigate directories from the command line
96,top-100-stars,neural-networks-and-deep-learning,12392,5701,Python,https://github.com/mnielsen/neural-networks-and-deep-learning,mnielsen,6,2021-02-24T07:23:46Z,"Code samples for my book ""Neural Networks and Deep Learning"""
97,top-100-stars,faker,12355,1401,Python,https://github.com/joke2k/faker,joke2k,141,2021-04-05T18:18:00Z,Faker is a Python package that generates fake data for you.
98,top-100-stars,jax,12247,1085,Python,https://github.com/google/jax,google,780,2021-04-06T00:34:32Z,"Composable transformations of Python+NumPy programs: differentiate, vectorize, JIT to GPU/TPU, and more"
99,top-100-stars,proxy_pool,12101,3400,Python,https://github.com/jhao104/proxy_pool,jhao104,240,2021-04-02T08:52:50Z,Pythonçˆ¬è™«ä»£ç†IPæ± (proxy pool)
100,top-100-stars,jupyter,12000,3122,Python,https://github.com/jupyter/jupyter,jupyter,181,2021-04-02T00:35:10Z,"Jupyter metapackage for installation, docs and chat"
1,top-100-forks,models,69348,43903,Python,https://github.com/tensorflow/models,tensorflow,1138,2021-04-05T23:49:33Z,Models and examples built with TensorFlow
2,top-100-forks,Python-100-Days,101327,40635,Python,https://github.com/jackfrued/Python-100-Days,jackfrued,555,2021-04-05T16:57:54Z,Python - 100å¤©ä»æ–°æ‰‹åˆ°å¤§å¸ˆ
3,top-100-forks,django,56581,24225,Python,https://github.com/django/django,django,165,2021-04-05T23:25:48Z,The Web framework for perfectionists with deadlines.
4,top-100-forks,system-design-primer,125615,22927,Python,https://github.com/donnemartin/system-design-primer,donnemartin,186,2021-03-28T18:39:36Z,Learn how to design large-scale systems. Prep for the system design interview.  Includes Anki flashcards.
5,top-100-forks,scikit-learn,45112,21267,Python,https://github.com/scikit-learn/scikit-learn,scikit-learn,2377,2021-04-05T22:19:41Z,scikit-learn: machine learning in Python
6,top-100-forks,ansible,47647,20446,Python,https://github.com/ansible/ansible,ansible,1855,2021-04-06T00:42:52Z,"Ansible is a radically simple IT automation platform that makes your applications and systems easier to deploy and maintain. Automate everything from code deployment to network configuration to cloud management, in a language that approaches plain English, using SSH, with no agents to install on remote systems. https://docs.ansible.com."
7,top-100-forks,shadowsocks,32980,19603,Python,https://github.com/shadowsocks/shadowsocks,shadowsocks,447,2021-02-28T20:39:55Z,
8,top-100-forks,keras,50969,18737,Python,https://github.com/keras-team/keras,keras-team,3244,2021-04-05T21:25:59Z,Deep Learning for humans
9,top-100-forks,awesome-python,95581,18677,Python,https://github.com/vinta/awesome-python,vinta,146,2021-04-01T19:28:50Z,"A curated list of awesome Python frameworks, libraries, software and resources"
10,top-100-forks,it-cert-automation-practice,325,16967,Python,https://github.com/google/it-cert-automation-practice,google,11641,2021-04-05T22:08:56Z,Google IT Automation with Python Professional Certificate - Practice files
11,top-100-forks,public-apis,116196,14290,Python,https://github.com/public-apis/public-apis,public-apis,153,2021-04-04T16:47:53Z,A collective list of free APIs
12,top-100-forks,flask,54384,14209,Python,https://github.com/pallets/flask,pallets,23,2021-04-05T20:35:17Z,The Python micro framework for building web applications.
13,top-100-forks,awesome-machine-learning,49612,12306,Python,https://github.com/josephmisiti/awesome-machine-learning,josephmisiti,2,2021-04-01T06:53:48Z,"A curated list of awesome Machine Learning frameworks, libraries and software."
14,top-100-forks,pandas,29231,12158,Python,https://github.com/pandas-dev/pandas,pandas-dev,3738,2021-04-05T23:01:32Z,"Flexible and powerful data analysis / manipulation library for Python, providing labeled data structures similar to R data.frame objects, statistical functions, and much more"
15,top-100-forks,fullstack-nanodegree-vm,337,11999,Python,https://github.com/udacity/fullstack-nanodegree-vm,udacity,34,2020-12-08T19:33:01Z,
16,top-100-forks,face_recognition,39265,11043,Python,https://github.com/ageitgey/face_recognition,ageitgey,594,2021-03-20T02:37:00Z,The world's simplest facial recognition api for Python and the command line
17,top-100-forks,faceswap,34814,10727,Python,https://github.com/deepfakes/faceswap,deepfakes,9,2021-04-03T11:54:04Z,Deepfakes Software For All
18,top-100-forks,AiLearning,29346,9932,Python,https://github.com/apachecn/AiLearning,apachecn,33,2021-01-20T16:02:37Z,AiLearning: æœºå™¨å­¦ä¹  - MachineLearning - MLã€æ·±åº¦å­¦ä¹  - DeepLearning - DLã€è‡ªç„¶è¯­è¨€å¤„ç† NLP
19,top-100-forks,Python,22108,9864,Python,https://github.com/geekcomputers/Python,geekcomputers,202,2021-04-05T07:18:22Z,My Python Examples
20,top-100-forks,Mask_RCNN,19728,9499,Python,https://github.com/matterport/Mask_RCNN,matterport,1653,2021-04-04T20:32:15Z,Mask R-CNN for object detection and instance segmentation on Keras and TensorFlow
21,top-100-forks,scrapy,40241,9103,Python,https://github.com/scrapy/scrapy,scrapy,783,2021-04-05T20:58:58Z,"Scrapy, a fast high-level web crawling & scraping framework for Python."
22,top-100-forks,interview_internal_reference,30964,8471,Python,https://github.com/0voice/interview_internal_reference,0voice,24,2021-03-03T08:23:36Z,2021å¹´æœ€æ–°æ€»ç»“ï¼Œé˜¿é‡Œï¼Œè…¾è®¯ï¼Œç™¾åº¦ï¼Œç¾å›¢ï¼Œå¤´æ¡ç­‰æŠ€æœ¯é¢è¯•é¢˜ç›®ï¼Œä»¥åŠç­”æ¡ˆï¼Œä¸“å®¶å‡ºé¢˜äººåˆ†ææ±‡æ€»ã€‚
23,top-100-forks,airflow,21038,8278,Python,https://github.com/apache/airflow,apache,952,2021-04-06T00:44:06Z,"Apache Airflow - A platform to programmatically author, schedule, and monitor workflows"
24,top-100-forks,requests,44902,8216,Python,https://github.com/psf/requests,psf,320,2021-03-31T10:25:43Z,"A simple, yet elegant HTTP library."
25,top-100-forks,XX-Net,30624,7833,Python,https://github.com/XX-net/XX-Net,XX-net,7698,2021-01-20T11:06:31Z,A proxy tool to bypass GFW.
26,top-100-forks,examples,15838,7428,Python,https://github.com/pytorch/examples,pytorch,308,2021-04-02T22:08:21Z,"A set of examples around pytorch in Vision, Text, Reinforcement Learning, etc."
27,top-100-forks,jd_seckill,454,7330,,https://github.com/andyzys/jd_seckill,andyzys,3,2021-02-03T07:03:44Z,äº¬ä¸œç§’æ€å•†å“æŠ¢è´­
28,top-100-forks,superset,36288,7101,Python,https://github.com/apache/superset,apache,879,2021-04-05T23:56:39Z,Apache Superset is a Data Visualization and Data Exploration Platform
29,top-100-forks,PayloadsAllTheThings,23198,6839,Python,https://github.com/swisskyrepo/PayloadsAllTheThings,swisskyrepo,11,2021-04-02T20:39:36Z,A list of useful payloads and bypass for Web Application Security and Pentest/CTF
30,top-100-forks,data-science-ipython-notebooks,20903,6513,Python,https://github.com/donnemartin/data-science-ipython-notebooks,donnemartin,20,2021-02-18T10:51:00Z,"Data science Python notebooks: Deep learning (TensorFlow, Theano, Caffe, Keras), scikit-learn, Kaggle, big data (Spark, Hadoop MapReduce, HDFS), matplotlib, pandas, NumPy, SciPy, Python essentials, AWS, and various command lines."
31,top-100-forks,Deep-Learning-Papers-Reading-Roadmap,29594,6501,Python,https://github.com/floodsung/Deep-Learning-Papers-Reading-Roadmap,floodsung,82,2021-02-01T15:08:16Z,Deep Learning papers reading roadmap for anyone who are eager to learn this amazing tech!
32,top-100-forks,pytorch-tutorial,20125,6349,Python,https://github.com/yunjey/pytorch-tutorial,yunjey,77,2021-03-10T08:49:34Z,PyTorch Tutorial for Deep Learning Researchers
33,top-100-forks,jieba,25907,6176,Python,https://github.com/fxsjy/jieba,fxsjy,601,2020-12-05T18:32:32Z,ç»“å·´ä¸­æ–‡åˆ†è¯
34,top-100-forks,HanLP,22447,6014,Python,https://github.com/hankcs/HanLP,hankcs,4,2021-03-28T15:49:20Z,ä¸­æ–‡åˆ†è¯ è¯æ€§æ ‡æ³¨ å‘½åå®ä½“è¯†åˆ« ä¾å­˜å¥æ³•åˆ†æ è¯­ä¹‰ä¾å­˜åˆ†æ æ–°è¯å‘ç° å…³é”®è¯çŸ­è¯­æå– è‡ªåŠ¨æ‘˜è¦ æ–‡æœ¬åˆ†ç±»èšç±» æ‹¼éŸ³ç®€ç¹è½¬æ¢ è‡ªç„¶è¯­è¨€å¤„ç†
35,top-100-forks,HelloGitHub,39613,5888,Python,https://github.com/521xueweihan/HelloGitHub,521xueweihan,12,2021-03-31T07:04:49Z,:octocat: åˆ†äº« GitHub ä¸Šæœ‰è¶£ã€å…¥é—¨çº§çš„å¼€æºé¡¹ç›®ï¼ˆ5 å‘¨å¹´ï¼‰
36,top-100-forks,python-patterns,28011,5797,Python,https://github.com/faif/python-patterns,faif,10,2021-01-25T22:10:37Z,A collection of design patterns/idioms in Python
37,top-100-forks,matplotlib,13408,5744,Python,https://github.com/matplotlib/matplotlib,matplotlib,1697,2021-04-06T00:30:58Z,matplotlib: plotting with Python
38,top-100-forks,DeepFaceLab,25678,5738,Python,https://github.com/iperov/DeepFaceLab,iperov,274,2021-04-02T12:13:30Z,DeepFaceLab is the leading software for creating deepfakes.
39,top-100-forks,neural-networks-and-deep-learning,12392,5701,Python,https://github.com/mnielsen/neural-networks-and-deep-learning,mnielsen,6,2021-02-24T07:23:46Z,"Code samples for my book ""Neural Networks and Deep Learning"""
40,top-100-forks,d2l-zh,21968,5469,Python,https://github.com/d2l-ai/d2l-zh,d2l-ai,8,2021-04-05T03:59:34Z,ã€ŠåŠ¨æ‰‹å­¦æ·±åº¦å­¦ä¹ ã€‹ï¼šé¢å‘ä¸­æ–‡è¯»è€…ã€èƒ½è¿è¡Œã€å¯è®¨è®ºã€‚ä¸­è‹±æ–‡ç‰ˆè¢«å…¨çƒ175æ‰€å¤§å­¦é‡‡ç”¨æ•™å­¦ã€‚
41,top-100-forks,numpy,16748,5377,Python,https://github.com/numpy/numpy,numpy,2269,2021-04-05T21:39:36Z,The fundamental package for scientific computing with Python.
42,top-100-forks,tutorials,9004,5317,Python,https://github.com/MorvanZhou/tutorials,MorvanZhou,13,2020-12-22T22:02:58Z,æœºå™¨å­¦ä¹ ç›¸å…³æ•™ç¨‹
43,top-100-forks,Detectron,24264,5314,Python,https://github.com/facebookresearch/Detectron,facebookresearch,319,2021-04-01T12:34:06Z,"FAIR's research platform for object detection research, implementing popular algorithms like Mask R-CNN and RetinaNet."
44,top-100-forks,machine_learning_examples,6002,5188,Python,https://github.com/lazyprogrammer/machine_learning_examples,lazyprogrammer,49,2021-04-03T21:46:56Z,A collection of machine learning examples and tutorials.
45,top-100-forks,ItChat,21333,5016,Python,https://github.com/littlecodersh/ItChat,littlecodersh,231,2021-03-31T05:56:33Z,A complete and graceful API for Wechat. å¾®ä¿¡ä¸ªäººå·æ¥å£ã€å¾®ä¿¡æœºå™¨äººåŠå‘½ä»¤è¡Œå¾®ä¿¡ï¼Œä¸‰åè¡Œå³å¯è‡ªå®šä¹‰ä¸ªäººå·æœºå™¨äººã€‚
46,top-100-forks,python-spider,12775,5001,Python,https://github.com/Jack-Cherish/python-spider,Jack-Cherish,4,2021-03-31T18:54:00Z,:rainbow:Python3ç½‘ç»œçˆ¬è™«å®æˆ˜ï¼šæ·˜å®ã€äº¬ä¸œã€ç½‘æ˜“äº‘ã€Bç«™ã€12306ã€æŠ–éŸ³ã€ç¬”è¶£é˜ã€æ¼«ç”»å°è¯´ä¸‹è½½ã€éŸ³ä¹ç”µå½±ä¸‹è½½ç­‰
47,top-100-forks,python-docs-samples,4909,4999,Python,https://github.com/GoogleCloudPlatform/python-docs-samples,GoogleCloudPlatform,53,2021-04-06T00:39:56Z,Code samples used on cloud.google.com
48,top-100-forks,rms-support-letter.github.io,2208,4982,Python,https://github.com/rms-support-letter/rms-support-letter.github.io,rms-support-letter,22,2021-04-06T00:13:14Z,An open letter in support of Richard Matthew Stallman being reinstated by the Free Software Foundation
49,top-100-forks,mlcourse.ai,7556,4979,Python,https://github.com/Yorko/mlcourse.ai,Yorko,1,2021-02-09T10:19:45Z,Open Machine Learning Course
50,top-100-forks,mmdetection,14255,4906,Python,https://github.com/open-mmlab/mmdetection,open-mmlab,366,2021-04-05T13:30:14Z,OpenMMLab Detection Toolbox and Benchmark
51,top-100-forks,UnicomTask,1807,4804,Python,https://github.com/srcrs/UnicomTask,srcrs,169,2021-04-04T04:23:15Z,è”é€šæ‰‹æœºè¥ä¸šå…è‡ªåŠ¨åšä»»åŠ¡ã€ç­¾åˆ°ã€é¢†æµé‡ã€é¢†ç§¯åˆ†ç­‰ã€‚
52,top-100-forks,Real-Time-Voice-Cloning,23708,4601,Python,https://github.com/CorentinJ/Real-Time-Voice-Cloning,CorentinJ,12,2021-04-05T03:51:07Z,Clone a voice in 5 seconds to generate arbitrary speech in real-time
53,top-100-forks,facenet,11674,4581,Python,https://github.com/davidsandberg/facenet,davidsandberg,514,2021-02-02T22:30:22Z,Face recognition using Tensorflow
54,top-100-forks,youtube-dl,92626,4554,Python,https://github.com/ytdl-org/youtube-dl,ytdl-org,3999,2021-04-05T09:12:10Z,Command-line program to download videos from YouTube.com and other video sites
55,top-100-forks,wechat_jump_game,13887,4533,Python,https://github.com/wangshub/wechat_jump_game,wangshub,33,2021-03-18T20:24:22Z,å¾®ä¿¡ã€Šè·³ä¸€è·³ã€‹Python è¾…åŠ©
56,top-100-forks,vision,8748,4504,Python,https://github.com/pytorch/vision,pytorch,446,2021-04-06T00:06:51Z,"Datasets, Transforms and Models specific to Computer Vision"
57,top-100-forks,labelImg,13814,4464,Python,https://github.com/tzutalin/labelImg,tzutalin,286,2021-04-01T14:51:48Z,ğŸ–ï¸ LabelImg is a graphical image annotation tool and label object bounding boxes in images
58,top-100-forks,zulip,13313,4435,Python,https://github.com/zulip/zulip,zulip,2069,2021-04-06T00:45:13Z,Zulip server and webapp - powerful open source team chat
59,top-100-forks,stanford-tensorflow-tutorials,9973,4418,Python,https://github.com/chiphuyen/stanford-tensorflow-tutorials,chiphuyen,88,2020-12-22T09:21:55Z,This repository contains code examples for the Stanford's course: TensorFlow for Deep Learning Research. 
60,top-100-forks,pytorch-CycleGAN-and-pix2pix,14640,4403,Python,https://github.com/junyanz/pytorch-CycleGAN-and-pix2pix,junyanz,348,2021-04-05T20:18:29Z,Image-to-Image Translation in PyTorch
61,top-100-forks,bitcoinbook,15815,4352,Python,https://github.com/bitcoinbook/bitcoinbook,bitcoinbook,60,2021-04-04T20:43:40Z,Mastering Bitcoin 2nd Edition - Programming the Open Blockchain
62,top-100-forks,sqlmap,19769,4237,Python,https://github.com/sqlmapproject/sqlmap,sqlmapproject,45,2021-04-05T17:00:41Z,Automatic SQL injection and database takeover tool
63,top-100-forks,ipython,14744,4146,Python,https://github.com/ipython/ipython,ipython,1485,2021-04-05T10:44:35Z,"Official repository for IPython itself. Other repos in the IPython organization contain things like the website, documentation builds, etc."
64,top-100-forks,Reinforcement-learning-with-tensorflow,6233,4131,Python,https://github.com/MorvanZhou/Reinforcement-learning-with-tensorflow,MorvanZhou,47,2020-11-01T09:02:48Z,"Simple Reinforcement learning tutorials, è«çƒ¦Python ä¸­æ–‡AIæ•™å­¦"
65,top-100-forks,py-faster-rcnn,7274,4101,Python,https://github.com/rbgirshick/py-faster-rcnn,rbgirshick,668,2019-11-07T04:31:35Z,Faster R-CNN (Python implementation) -- see https://github.com/ShaoqingRen/faster_rcnn for the official MATLAB version
66,top-100-forks,CppCoreGuidelines,30373,4063,Python,https://github.com/isocpp/CppCoreGuidelines,isocpp,179,2021-04-05T19:11:12Z,"The C++ Core Guidelines are a set of tried-and-true guidelines, rules, and best practices about coding in C++"
67,top-100-forks,reinforcement-learning-an-introduction,10146,4025,Python,https://github.com/ShangtongZhang/reinforcement-learning-an-introduction,ShangtongZhang,5,2021-03-29T12:46:15Z,Python Implementation of Reinforcement Learning: An Introduction
68,top-100-forks,python-cheatsheet,21951,4016,Python,https://github.com/gto76/python-cheatsheet,gto76,23,2021-04-04T09:56:43Z,Comprehensive Python Cheatsheet
69,top-100-forks,tushare,10731,3998,Python,https://github.com/waditu/tushare,waditu,430,2021-02-02T14:13:49Z,TuShare is a utility for crawling historical data of China stocks
70,top-100-forks,zipline,13677,3962,Python,https://github.com/quantopian/zipline,quantopian,340,2021-02-14T16:26:07Z,"Zipline, a Pythonic Algorithmic Trading Library"
71,top-100-forks,gensim,11907,3951,Python,https://github.com/RaRe-Technologies/gensim,RaRe-Technologies,359,2021-04-05T21:20:42Z,Topic Modelling for Humans
72,top-100-forks,baselines,11345,3951,Python,https://github.com/openai/baselines,openai,454,2021-02-21T12:16:56Z,OpenAI Baselines: high-quality implementations of reinforcement learning algorithms
73,top-100-forks,algorithms,18963,3898,Python,https://github.com/keon/algorithms,keon,159,2021-04-04T05:59:33Z,Minimal examples of data structures and algorithms in Python
74,top-100-forks,ML-From-Scratch,19685,3798,Python,https://github.com/eriklindernoren/ML-From-Scratch,eriklindernoren,38,2021-03-23T07:52:00Z,Machine Learning From Scratch. Bare bones NumPy implementations of machine learning models and algorithms with a focus on accessibility. Aims to cover everything from linear regression to deep learning.
75,top-100-forks,flasky,7165,3764,Python,https://github.com/miguelgrinberg/flasky,miguelgrinberg,15,2021-03-29T17:55:39Z,"Companion code to my O'Reilly book ""Flask Web Development"", second edition."
76,top-100-forks,ChatterBot,11002,3733,Python,https://github.com/gunthercox/ChatterBot,gunthercox,250,2021-04-05T17:24:25Z,"ChatterBot is a machine learning, conversational dialog engine for creating chat bots"
77,top-100-forks,compose,22282,3715,Python,https://github.com/docker/compose,docker,515,2021-04-05T21:23:18Z,Define and run multi-container applications with Docker
78,top-100-forks,bokeh,14937,3684,Python,https://github.com/bokeh/bokeh,bokeh,671,2021-04-06T00:02:41Z,"Interactive Data Visualization in the browser, from  Python"
79,top-100-forks,Paddle,14759,3648,Python,https://github.com/PaddlePaddle/Paddle,PaddlePaddle,2591,2021-04-05T13:57:01Z,PArallel Distributed Deep LEarning: Machine Learning Framework from Industrial Practice ï¼ˆã€é£æ¡¨ã€æ ¸å¿ƒæ¡†æ¶ï¼Œæ·±åº¦å­¦ä¹ &æœºå™¨å­¦ä¹ é«˜æ€§èƒ½å•æœºã€åˆ†å¸ƒå¼è®­ç»ƒå’Œè·¨å¹³å°éƒ¨ç½²ï¼‰
80,top-100-forks,simple-python-pyinstaller-app,63,3643,Python,https://github.com/jenkins-docs/simple-python-pyinstaller-app,jenkins-docs,14,2021-03-20T01:34:58Z,For an introductory tutorial on how to use Jenkins to build a simple Python application with PyInstaller.
81,top-100-forks,saleor,10781,3584,Python,https://github.com/mirumee/saleor,mirumee,220,2021-04-05T05:53:28Z,"A modular, high performance, headless e-commerce platform built with Python, GraphQL, Django, and ReactJS."
82,top-100-forks,prophet,12483,3582,Python,https://github.com/facebook/prophet,facebook,49,2021-04-03T22:03:29Z,Tool for producing high quality forecasts for time series data that has multiple seasonality with linear or non-linear growth.
83,top-100-forks,interactive-coding-challenges,22212,3558,Python,https://github.com/donnemartin/interactive-coding-challenges,donnemartin,58,2020-12-11T15:29:16Z,120+ interactive Python coding interview challenges (algorithms and data structures).  Includes Anki flashcards.
84,top-100-forks,Machine-Learning,3943,3549,Python,https://github.com/Jack-Cherish/Machine-Learning,Jack-Cherish,2,2020-11-30T04:02:58Z,:zap:æœºå™¨å­¦ä¹ å®æˆ˜ï¼ˆPython3ï¼‰ï¼škNNã€å†³ç­–æ ‘ã€è´å¶æ–¯ã€é€»è¾‘å›å½’ã€SVMã€çº¿æ€§å›å½’ã€æ ‘å›å½’
85,top-100-forks,package_control_channel,1200,3525,Python,https://github.com/wbond/package_control_channel,wbond,31,2021-04-05T22:26:31Z,Default channel file for Package Control. Follow the directions at:
86,top-100-forks,practical-python,7212,3523,Python,https://github.com/dabeaz-course/practical-python,dabeaz-course,11,2021-03-28T14:42:16Z,Practical Python Programming (course by @dabeaz)
87,top-100-forks,Python,6562,3446,Python,https://github.com/injetlee/Python,injetlee,46,2021-03-18T20:33:05Z,Pythonè„šæœ¬ã€‚æ¨¡æ‹Ÿç™»å½•çŸ¥ä¹ï¼Œ çˆ¬è™«ï¼Œæ“ä½œexcelï¼Œå¾®ä¿¡å…¬ä¼—å·ï¼Œè¿œç¨‹å¼€æœº
88,top-100-forks,erpnext,8039,3438,Python,https://github.com/frappe/erpnext,frappe,2853,2021-04-05T19:21:58Z,World's best free and open source ERP.
89,top-100-forks,yolov5,9978,3414,Python,https://github.com/ultralytics/yolov5,ultralytics,217,2021-04-05T20:20:10Z,YOLOv5 in PyTorch > ONNX > CoreML > TFLite
90,top-100-forks,data-science-from-scratch,5889,3406,Python,https://github.com/joelgrus/data-science-from-scratch,joelgrus,67,2021-03-08T20:05:10Z,code for Data Science From Scratch book
91,top-100-forks,magenta,16475,3400,Python,https://github.com/magenta/magenta,magenta,301,2021-03-30T17:25:43Z,Magenta: Music and Art Generation with Machine Intelligence
92,top-100-forks,proxy_pool,12101,3400,Python,https://github.com/jhao104/proxy_pool,jhao104,240,2021-04-02T08:52:50Z,Pythonçˆ¬è™«ä»£ç†IPæ± (proxy pool)
93,top-100-forks,sympy,7970,3373,Python,https://github.com/sympy/sympy,sympy,4152,2021-04-05T18:47:23Z,A computer algebra system written in pure Python
94,top-100-forks,keras-yolo3,6660,3311,Python,https://github.com/qqwweee/keras-yolo3,qqwweee,491,2020-12-24T08:07:46Z,A Keras implementation of YOLOv3 (Tensorflow backend)
95,top-100-forks,shadowsocksr,5648,3308,Python,https://github.com/shadowsocksr-backup/shadowsocksr,shadowsocksr-backup,54,2020-12-23T09:51:07Z,Python port of ShadowsocksR
96,top-100-forks,httpie,50352,3280,Python,https://github.com/httpie/httpie,httpie,143,2021-03-30T20:54:53Z,"As easy as /aitch-tee-tee-pie/ ğŸ¥§ Modern, user-friendly command-line HTTP client for the API era. JSON support, colors, sessions, downloads, plugins & more. https://twitter.com/httpie"
97,top-100-forks,bips,4905,3213,Python,https://github.com/bitcoin/bips,bitcoin,126,2021-04-05T16:09:19Z,Bitcoin Improvement Proposals
98,top-100-forks,redash,18512,3183,Python,https://github.com/getredash/redash,getredash,609,2021-04-06T00:06:33Z,"Make Your Company Data Driven. Connect to any data source, easily visualize, dashboard and share your data."
99,top-100-forks,jupyter,12000,3122,Python,https://github.com/jupyter/jupyter,jupyter,181,2021-04-02T00:35:10Z,"Jupyter metapackage for installation, docs and chat"
100,top-100-forks,sentry,27696,3106,Python,https://github.com/getsentry/sentry,getsentry,310,2021-04-06T00:41:05Z,"Sentry is cross-platform application monitoring, with a focus on error reporting."
1,Python,system-design-primer,125615,22927,Python,https://github.com/donnemartin/system-design-primer,donnemartin,186,2021-03-28T18:39:36Z,Learn how to design large-scale systems. Prep for the system design interview.  Includes Anki flashcards.
2,Python,public-apis,116196,14290,Python,https://github.com/public-apis/public-apis,public-apis,153,2021-04-04T16:47:53Z,A collective list of free APIs
3,Python,Python,101825,28949,Python,https://github.com/TheAlgorithms/Python,TheAlgorithms,32,2021-04-05T17:43:21Z,All Algorithms implemented in Python
4,Python,Python-100-Days,101327,40635,Python,https://github.com/jackfrued/Python-100-Days,jackfrued,555,2021-04-05T16:57:54Z,Python - 100å¤©ä»æ–°æ‰‹åˆ°å¤§å¸ˆ
5,Python,awesome-python,95581,18677,Python,https://github.com/vinta/awesome-python,vinta,146,2021-04-01T19:28:50Z,"A curated list of awesome Python frameworks, libraries, software and resources"
6,Python,youtube-dl,92626,4554,Python,https://github.com/ytdl-org/youtube-dl,ytdl-org,3999,2021-04-05T09:12:10Z,Command-line program to download videos from YouTube.com and other video sites
7,Python,models,69348,43903,Python,https://github.com/tensorflow/models,tensorflow,1138,2021-04-05T23:49:33Z,Models and examples built with TensorFlow
8,Python,thefuck,59644,2840,Python,https://github.com/nvbn/thefuck,nvbn,258,2021-03-30T21:12:46Z,Magnificent app which corrects your previous console command.
9,Python,django,56581,24225,Python,https://github.com/django/django,django,165,2021-04-05T23:25:48Z,The Web framework for perfectionists with deadlines.
10,Python,flask,54384,14209,Python,https://github.com/pallets/flask,pallets,23,2021-04-05T20:35:17Z,The Python micro framework for building web applications.
11,Python,keras,50969,18737,Python,https://github.com/keras-team/keras,keras-team,3244,2021-04-05T21:25:59Z,Deep Learning for humans
12,Python,httpie,50352,3280,Python,https://github.com/httpie/httpie,httpie,143,2021-03-30T20:54:53Z,"As easy as /aitch-tee-tee-pie/ ğŸ¥§ Modern, user-friendly command-line HTTP client for the API era. JSON support, colors, sessions, downloads, plugins & more. https://twitter.com/httpie"
13,Python,awesome-machine-learning,49612,12306,Python,https://github.com/josephmisiti/awesome-machine-learning,josephmisiti,2,2021-04-01T06:53:48Z,"A curated list of awesome Machine Learning frameworks, libraries and software."
14,Python,ansible,47647,20446,Python,https://github.com/ansible/ansible,ansible,1855,2021-04-06T00:42:52Z,"Ansible is a radically simple IT automation platform that makes your applications and systems easier to deploy and maintain. Automate everything from code deployment to network configuration to cloud management, in a language that approaches plain English, using SSH, with no agents to install on remote systems. https://docs.ansible.com."
15,Python,scikit-learn,45112,21267,Python,https://github.com/scikit-learn/scikit-learn,scikit-learn,2377,2021-04-05T22:19:41Z,scikit-learn: machine learning in Python
16,Python,requests,44902,8216,Python,https://github.com/psf/requests,psf,320,2021-03-31T10:25:43Z,"A simple, yet elegant HTTP library."
17,Python,transformers,43416,10483,Python,https://github.com/huggingface/transformers,huggingface,666,2021-04-05T23:08:00Z,ğŸ¤—Transformers: State-of-the-art Natural Language Processing for Pytorch and TensorFlow 2.0.
18,Python,core,41363,13674,Python,https://github.com/home-assistant/core,home-assistant,1586,2021-04-06T00:42:08Z,:house_with_garden: Open source home automation that puts local control and privacy first
19,Python,scrapy,40241,9103,Python,https://github.com/scrapy/scrapy,scrapy,783,2021-04-05T20:58:58Z,"Scrapy, a fast high-level web crawling & scraping framework for Python."
20,Python,big-list-of-naughty-strings,40199,1862,Python,https://github.com/minimaxir/big-list-of-naughty-strings,minimaxir,75,2021-03-27T07:44:40Z,The Big List of Naughty Strings is a list of strings which have a high probability of causing issues when used as user-input data.
21,Python,you-get,39698,8207,Python,https://github.com/soimort/you-get,soimort,354,2021-04-04T00:59:06Z,:arrow_double_down: Dumb downloader that scrapes the web
22,Python,HelloGitHub,39613,5888,Python,https://github.com/521xueweihan/HelloGitHub,521xueweihan,12,2021-03-31T07:04:49Z,:octocat: åˆ†äº« GitHub ä¸Šæœ‰è¶£ã€å…¥é—¨çº§çš„å¼€æºé¡¹ç›®ï¼ˆ5 å‘¨å¹´ï¼‰
23,Python,face_recognition,39265,11043,Python,https://github.com/ageitgey/face_recognition,ageitgey,594,2021-03-20T02:37:00Z,The world's simplest facial recognition api for Python and the command line
24,Python,cpython,37080,18318,Python,https://github.com/python/cpython,python,1512,2021-04-06T00:40:42Z,The Python programming language
25,Python,superset,36288,7101,Python,https://github.com/apache/superset,apache,879,2021-04-05T23:56:39Z,Apache Superset is a Data Visualization and Data Exploration Platform
26,Python,faceswap,34814,10727,Python,https://github.com/deepfakes/faceswap,deepfakes,9,2021-04-03T11:54:04Z,Deepfakes Software For All
27,Python,manim,32499,3884,Python,https://github.com/3b1b/manim,3b1b,323,2021-04-01T06:29:05Z,Animation engine for explanatory math videos
28,Python,interview_internal_reference,30964,8471,Python,https://github.com/0voice/interview_internal_reference,0voice,24,2021-03-03T08:23:36Z,2021å¹´æœ€æ–°æ€»ç»“ï¼Œé˜¿é‡Œï¼Œè…¾è®¯ï¼Œç™¾åº¦ï¼Œç¾å›¢ï¼Œå¤´æ¡ç­‰æŠ€æœ¯é¢è¯•é¢˜ç›®ï¼Œä»¥åŠç­”æ¡ˆï¼Œä¸“å®¶å‡ºé¢˜äººåˆ†ææ±‡æ€»ã€‚
29,Python,XX-Net,30624,7833,Python,https://github.com/XX-net/XX-Net,XX-net,7698,2021-01-20T11:06:31Z,A proxy tool to bypass GFW.
30,Python,CppCoreGuidelines,30373,4063,Python,https://github.com/isocpp/CppCoreGuidelines,isocpp,179,2021-04-05T19:11:12Z,"The C++ Core Guidelines are a set of tried-and-true guidelines, rules, and best practices about coding in C++"
31,Python,funNLP,29794,8790,Python,https://github.com/fighting41love/funNLP,fighting41love,15,2020-12-22T20:11:33Z,"ä¸­è‹±æ–‡æ•æ„Ÿè¯ã€è¯­è¨€æ£€æµ‹ã€ä¸­å¤–æ‰‹æœº/ç”µè¯å½’å±åœ°/è¿è¥å•†æŸ¥è¯¢ã€åå­—æ¨æ–­æ€§åˆ«ã€æ‰‹æœºå·æŠ½å–ã€èº«ä»½è¯æŠ½å–ã€é‚®ç®±æŠ½å–ã€ä¸­æ—¥æ–‡äººååº“ã€ä¸­æ–‡ç¼©å†™åº“ã€æ‹†å­—è¯å…¸ã€è¯æ±‡æƒ…æ„Ÿå€¼ã€åœç”¨è¯ã€ååŠ¨è¯è¡¨ã€æš´æè¯è¡¨ã€ç¹ç®€ä½“è½¬æ¢ã€è‹±æ–‡æ¨¡æ‹Ÿä¸­æ–‡å‘éŸ³ã€æ±ªå³°æ­Œè¯ç”Ÿæˆå™¨ã€èŒä¸šåç§°è¯åº“ã€åŒä¹‰è¯åº“ã€åä¹‰è¯åº“ã€å¦å®šè¯åº“ã€æ±½è½¦å“ç‰Œè¯åº“ã€æ±½è½¦é›¶ä»¶è¯åº“ã€è¿ç»­è‹±æ–‡åˆ‡å‰²ã€å„ç§ä¸­æ–‡è¯å‘é‡ã€å…¬å¸åå­—å¤§å…¨ã€å¤è¯—è¯åº“ã€ITè¯åº“ã€è´¢ç»è¯åº“ã€æˆè¯­è¯åº“ã€åœ°åè¯åº“ã€å†å²åäººè¯åº“ã€è¯—è¯è¯åº“ã€åŒ»å­¦è¯åº“ã€é¥®é£Ÿè¯åº“ã€æ³•å¾‹è¯åº“ã€æ±½è½¦è¯åº“ã€åŠ¨ç‰©è¯åº“ã€ä¸­æ–‡èŠå¤©è¯­æ–™ã€ä¸­æ–‡è°£è¨€æ•°æ®ã€ç™¾åº¦ä¸­æ–‡é—®ç­”æ•°æ®é›†ã€å¥å­ç›¸ä¼¼åº¦åŒ¹é…ç®—æ³•é›†åˆã€bertèµ„æºã€æ–‡æœ¬ç”Ÿæˆ&æ‘˜è¦ç›¸å…³å·¥å…·ã€cocoNLPä¿¡æ¯æŠ½å–å·¥å…·ã€å›½å†…ç”µè¯å·ç æ­£åˆ™åŒ¹é…ã€æ¸…åå¤§å­¦XLORE:ä¸­è‹±æ–‡è·¨è¯­è¨€ç™¾ç§‘çŸ¥è¯†å›¾è°±ã€æ¸…åå¤§å­¦äººå·¥æ™ºèƒ½æŠ€æœ¯ç³»åˆ—æŠ¥å‘Šã€è‡ªç„¶è¯­è¨€ç”Ÿæˆã€NLUå¤ªéš¾äº†ç³»åˆ—ã€è‡ªåŠ¨å¯¹è”æ•°æ®åŠæœºå™¨äººã€ç”¨æˆ·åé»‘åå•åˆ—è¡¨ã€ç½ªåæ³•åŠ¡åè¯åŠåˆ†ç±»æ¨¡å‹ã€å¾®ä¿¡å…¬ä¼—å·è¯­æ–™ã€cs224næ·±åº¦å­¦ä¹ è‡ªç„¶è¯­è¨€å¤„ç†è¯¾ç¨‹ã€ä¸­æ–‡æ‰‹å†™æ±‰å­—è¯†åˆ«ã€ä¸­æ–‡è‡ªç„¶è¯­è¨€å¤„ç† è¯­æ–™/æ•°æ®é›†ã€å˜é‡å‘½åç¥å™¨ã€åˆ†è¯è¯­æ–™åº“+ä»£ç ã€ä»»åŠ¡å‹å¯¹è¯è‹±æ–‡æ•°æ®é›†ã€ASR è¯­éŸ³æ•°æ®é›† + åŸºäºæ·±åº¦å­¦ä¹ çš„ä¸­æ–‡è¯­éŸ³è¯†åˆ«ç³»ç»Ÿã€ç¬‘å£°æ£€æµ‹å™¨ã€Microsoftå¤šè¯­è¨€æ•°å­—/å•ä½/å¦‚æ—¥æœŸæ—¶é—´è¯†åˆ«åŒ…ã€ä¸­åæ–°åå­—å…¸æ•°æ®åº“åŠapi(åŒ…æ‹¬å¸¸ç”¨æ­‡åè¯­ã€æˆè¯­ã€è¯è¯­å’Œæ±‰å­—)ã€æ–‡æ¡£å›¾è°±è‡ªåŠ¨ç”Ÿæˆã€SpaCy ä¸­æ–‡æ¨¡å‹ã€Common Voiceè¯­éŸ³è¯†åˆ«æ•°æ®é›†æ–°ç‰ˆã€ç¥ç»ç½‘ç»œå…³ç³»æŠ½å–ã€åŸºäºbertçš„å‘½åå®ä½“è¯†åˆ«ã€å…³é”®è¯(Keyphrase)æŠ½å–åŒ…pkeã€åŸºäºåŒ»ç–—é¢†åŸŸçŸ¥è¯†å›¾è°±çš„é—®ç­”ç³»ç»Ÿã€åŸºäºä¾å­˜å¥æ³•ä¸è¯­ä¹‰è§’è‰²æ ‡æ³¨çš„äº‹ä»¶ä¸‰å…ƒç»„æŠ½å–ã€ä¾å­˜å¥æ³•åˆ†æ4ä¸‡å¥é«˜è´¨é‡æ ‡æ³¨æ•°æ®ã€cnocrï¼šç”¨æ¥åšä¸­æ–‡OCRçš„Python3åŒ…ã€ä¸­æ–‡äººç‰©å…³ç³»çŸ¥è¯†å›¾è°±é¡¹ç›®ã€ä¸­æ–‡nlpç«èµ›é¡¹ç›®åŠä»£ç æ±‡æ€»ã€ä¸­æ–‡å­—ç¬¦æ•°æ®ã€speech-aligner: ä»â€œäººå£°è¯­éŸ³â€åŠå…¶â€œè¯­è¨€æ–‡æœ¬â€äº§ç”ŸéŸ³ç´ çº§åˆ«æ—¶é—´å¯¹é½æ ‡æ³¨çš„å·¥å…·ã€AmpliGraph: çŸ¥è¯†å›¾è°±è¡¨ç¤ºå­¦ä¹ (Python)åº“ï¼šçŸ¥è¯†å›¾è°±æ¦‚å¿µé“¾æ¥é¢„æµ‹ã€Scattertext æ–‡æœ¬å¯è§†åŒ–(python)ã€è¯­è¨€/çŸ¥è¯†è¡¨ç¤ºå·¥å…·ï¼šBERT & ERNIEã€ä¸­æ–‡å¯¹æ¯”è‹±æ–‡è‡ªç„¶è¯­è¨€å¤„ç†NLPçš„åŒºåˆ«ç»¼è¿°ã€Synonymsä¸­æ–‡è¿‘ä¹‰è¯å·¥å…·åŒ…ã€HarvestTexté¢†åŸŸè‡ªé€‚åº”æ–‡æœ¬æŒ–æ˜å·¥å…·ï¼ˆæ–°è¯å‘ç°-æƒ…æ„Ÿåˆ†æ-å®ä½“é“¾æ¥ç­‰ï¼‰ã€word2wordï¼š(Python)æ–¹ä¾¿æ˜“ç”¨çš„å¤šè¯­è¨€è¯-è¯å¯¹é›†ï¼š62ç§è¯­è¨€/3,564ä¸ªå¤šè¯­è¨€å¯¹ã€è¯­éŸ³è¯†åˆ«è¯­æ–™ç”Ÿæˆå·¥å…·ï¼šä»å…·æœ‰éŸ³é¢‘/å­—å¹•çš„åœ¨çº¿è§†é¢‘åˆ›å»ºè‡ªåŠ¨è¯­éŸ³è¯†åˆ«(ASR)è¯­æ–™åº“ã€æ„å»ºåŒ»ç–—å®ä½“è¯†åˆ«çš„æ¨¡å‹ï¼ˆåŒ…å«è¯å…¸å’Œè¯­æ–™æ ‡æ³¨ï¼‰ã€å•æ–‡æ¡£éç›‘ç£çš„å…³é”®è¯æŠ½å–ã€Kashgariä¸­ä½¿ç”¨gpt-2è¯­è¨€æ¨¡å‹ã€å¼€æºçš„é‡‘èæŠ•èµ„æ•°æ®æå–å·¥å…·ã€æ–‡æœ¬è‡ªåŠ¨æ‘˜è¦åº“TextTeaser: ä»…æ”¯æŒè‹±æ–‡ã€äººæ°‘æ—¥æŠ¥è¯­æ–™å¤„ç†å·¥å…·é›†ã€ä¸€äº›å…³äºè‡ªç„¶è¯­è¨€çš„åŸºæœ¬æ¨¡å‹ã€åŸºäº14Wæ­Œæ›²çŸ¥è¯†åº“çš„é—®ç­”å°è¯•--åŠŸèƒ½åŒ…æ‹¬æ­Œè¯æ¥é¾™andå·²çŸ¥æ­Œè¯æ‰¾æ­Œæ›²ä»¥åŠæ­Œæ›²æ­Œæ‰‹æ­Œè¯ä¸‰è§’å…³ç³»çš„é—®ç­”ã€åŸºäºSiamese bilstmæ¨¡å‹çš„ç›¸ä¼¼å¥å­åˆ¤å®šæ¨¡å‹å¹¶æä¾›è®­ç»ƒæ•°æ®é›†å’Œæµ‹è¯•æ•°æ®é›†ã€ç”¨Transformerç¼–è§£ç æ¨¡å‹å®ç°çš„æ ¹æ®Hacker Newsæ–‡ç« æ ‡é¢˜è‡ªåŠ¨ç”Ÿæˆè¯„è®ºã€ç”¨BERTè¿›è¡Œåºåˆ—æ ‡è®°å’Œæ–‡æœ¬åˆ†ç±»çš„æ¨¡æ¿ä»£ç ã€LitBankï¼šNLPæ•°æ®é›†â€”â€”æ”¯æŒè‡ªç„¶è¯­è¨€å¤„ç†å’Œè®¡ç®—äººæ–‡å­¦ç§‘ä»»åŠ¡çš„100éƒ¨å¸¦æ ‡è®°è‹±æ–‡å°è¯´è¯­æ–™ã€ç™¾åº¦å¼€æºçš„åŸºå‡†ä¿¡æ¯æŠ½å–ç³»ç»Ÿã€è™šå‡æ–°é—»æ•°æ®é›†ã€Facebook: LAMAè¯­è¨€æ¨¡å‹åˆ†æï¼Œæä¾›Transformer-XL/BERT/ELMo/GPTé¢„è®­ç»ƒè¯­è¨€æ¨¡å‹çš„ç»Ÿä¸€è®¿é—®æ¥å£ã€CommonsenseQAï¼šé¢å‘å¸¸è¯†çš„è‹±æ–‡QAæŒ‘æˆ˜ã€ä¸­æ–‡çŸ¥è¯†å›¾è°±èµ„æ–™ã€æ•°æ®åŠå·¥å…·ã€å„å¤§å…¬å¸å†…éƒ¨é‡Œå¤§ç‰›åˆ†äº«çš„æŠ€æœ¯æ–‡æ¡£ PDF æˆ–è€… PPTã€è‡ªç„¶è¯­è¨€ç”ŸæˆSQLè¯­å¥ï¼ˆè‹±æ–‡ï¼‰ã€ä¸­æ–‡NLPæ•°æ®å¢å¼ºï¼ˆEDAï¼‰å·¥å…·ã€è‹±æ–‡NLPæ•°æ®å¢å¼ºå·¥å…· ã€åŸºäºåŒ»è¯çŸ¥è¯†å›¾è°±çš„æ™ºèƒ½é—®ç­”ç³»ç»Ÿã€äº¬ä¸œå•†å“çŸ¥è¯†å›¾è°±ã€åŸºäºmongodbå­˜å‚¨çš„å†›äº‹é¢†åŸŸçŸ¥è¯†å›¾è°±é—®ç­”é¡¹ç›®ã€åŸºäºè¿œç›‘ç£çš„ä¸­æ–‡å…³ç³»æŠ½å–ã€è¯­éŸ³æƒ…æ„Ÿåˆ†æã€ä¸­æ–‡ULMFiT-æƒ…æ„Ÿåˆ†æ-æ–‡æœ¬åˆ†ç±»-è¯­æ–™åŠæ¨¡å‹ã€ä¸€ä¸ªæ‹ç…§åšé¢˜ç¨‹åºã€ä¸–ç•Œå„å›½å¤§è§„æ¨¡äººååº“ã€ä¸€ä¸ªåˆ©ç”¨æœ‰è¶£ä¸­æ–‡è¯­æ–™åº“ qingyun è®­ç»ƒå‡ºæ¥çš„ä¸­æ–‡èŠå¤©æœºå™¨äººã€ä¸­æ–‡èŠå¤©æœºå™¨äººseqGANã€çœå¸‚åŒºé•‡è¡Œæ”¿åŒºåˆ’æ•°æ®å¸¦æ‹¼éŸ³æ ‡æ³¨ã€æ•™è‚²è¡Œä¸šæ–°é—»è¯­æ–™åº“åŒ…å«è‡ªåŠ¨æ–‡æ‘˜åŠŸèƒ½ã€å¼€æ”¾äº†å¯¹è¯æœºå™¨äºº-çŸ¥è¯†å›¾è°±-è¯­ä¹‰ç†è§£-è‡ªç„¶è¯­è¨€å¤„ç†å·¥å…·åŠæ•°æ®ã€ä¸­æ–‡çŸ¥è¯†å›¾è°±ï¼šåŸºäºç™¾åº¦ç™¾ç§‘ä¸­æ–‡é¡µé¢-æŠ½å–ä¸‰å…ƒç»„ä¿¡æ¯-æ„å»ºä¸­æ–‡çŸ¥è¯†å›¾è°±ã€masr: ä¸­æ–‡è¯­éŸ³è¯†åˆ«-æä¾›é¢„è®­ç»ƒæ¨¡å‹-é«˜è¯†åˆ«ç‡ã€PythonéŸ³é¢‘æ•°æ®å¢å¹¿åº“ã€ä¸­æ–‡å…¨è¯è¦†ç›–BERTåŠä¸¤ä»½é˜…è¯»ç†è§£æ•°æ®ã€ConvLabï¼šå¼€æºå¤šåŸŸç«¯åˆ°ç«¯å¯¹è¯ç³»ç»Ÿå¹³å°ã€ä¸­æ–‡è‡ªç„¶è¯­è¨€å¤„ç†æ•°æ®é›†ã€åŸºäºæœ€æ–°ç‰ˆæœ¬rasaæ­å»ºçš„å¯¹è¯ç³»ç»Ÿã€åŸºäºTensorFlowå’ŒBERTçš„ç®¡é“å¼å®ä½“åŠå…³ç³»æŠ½å–ã€ä¸€ä¸ªå°å‹çš„è¯åˆ¸çŸ¥è¯†å›¾è°±/çŸ¥è¯†åº“ã€å¤ç›˜æ‰€æœ‰NLPæ¯”èµ›çš„TOPæ–¹æ¡ˆã€OpenCLaPï¼šå¤šé¢†åŸŸå¼€æºä¸­æ–‡é¢„è®­ç»ƒè¯­è¨€æ¨¡å‹ä»“åº“ã€UERï¼šåŸºäºä¸åŒè¯­æ–™+ç¼–ç å™¨+ç›®æ ‡ä»»åŠ¡çš„ä¸­æ–‡é¢„è®­ç»ƒæ¨¡å‹ä»“åº“ã€ä¸­æ–‡è‡ªç„¶è¯­è¨€å¤„ç†å‘é‡åˆé›†ã€åŸºäºé‡‘è-å¸æ³•é¢†åŸŸ(å…¼æœ‰é—²èŠæ€§è´¨)çš„èŠå¤©æœºå™¨äººã€g2pCï¼šåŸºäºä¸Šä¸‹æ–‡çš„æ±‰è¯­è¯»éŸ³è‡ªåŠ¨æ ‡è®°æ¨¡å—ã€Zincbase çŸ¥è¯†å›¾è°±æ„å»ºå·¥å…·åŒ…ã€è¯—æ­Œè´¨é‡è¯„ä»·/ç»†ç²’åº¦æƒ…æ„Ÿè¯—æ­Œè¯­æ–™åº“ã€å¿«é€Ÿè½¬åŒ–ã€Œä¸­æ–‡æ•°å­—ã€å’Œã€Œé˜¿æ‹‰ä¼¯æ•°å­—ã€ã€ç™¾åº¦çŸ¥é“é—®ç­”è¯­æ–™åº“ã€åŸºäºçŸ¥è¯†å›¾è°±çš„é—®ç­”ç³»ç»Ÿã€jieba_fast åŠ é€Ÿç‰ˆçš„jiebaã€æ­£åˆ™è¡¨è¾¾å¼æ•™ç¨‹ã€ä¸­æ–‡é˜…è¯»ç†è§£æ•°æ®é›†ã€åŸºäºBERTç­‰æœ€æ–°è¯­è¨€æ¨¡å‹çš„æŠ½å–å¼æ‘˜è¦æå–ã€Pythonåˆ©ç”¨æ·±åº¦å­¦ä¹ è¿›è¡Œæ–‡æœ¬æ‘˜è¦çš„ç»¼åˆæŒ‡å—ã€çŸ¥è¯†å›¾è°±æ·±åº¦å­¦ä¹ ç›¸å…³èµ„æ–™æ•´ç†ã€ç»´åŸºå¤§è§„æ¨¡å¹³è¡Œæ–‡æœ¬è¯­æ–™ã€StanfordNLP 0.2.0ï¼šçº¯Pythonç‰ˆè‡ªç„¶è¯­è¨€å¤„ç†åŒ…ã€NeuralNLP-NeuralClassifierï¼šè…¾è®¯å¼€æºæ·±åº¦å­¦ä¹ æ–‡æœ¬åˆ†ç±»å·¥å…·ã€ç«¯åˆ°ç«¯çš„å°é—­åŸŸå¯¹è¯ç³»ç»Ÿã€ä¸­æ–‡å‘½åå®ä½“è¯†åˆ«ï¼šNeuroNER vs. BertNERã€æ–°é—»äº‹ä»¶çº¿ç´¢æŠ½å–ã€2019å¹´ç™¾åº¦çš„ä¸‰å…ƒç»„æŠ½å–æ¯”èµ›ï¼šâ€œç§‘å­¦ç©ºé—´é˜Ÿâ€æºç ã€åŸºäºä¾å­˜å¥æ³•çš„å¼€æ”¾åŸŸæ–‡æœ¬çŸ¥è¯†ä¸‰å…ƒç»„æŠ½å–å’ŒçŸ¥è¯†åº“æ„å»ºã€ä¸­æ–‡çš„GPT2è®­ç»ƒä»£ç ã€ML-NLP - æœºå™¨å­¦ä¹ (Machine Learning)NLPé¢è¯•ä¸­å¸¸è€ƒåˆ°çš„çŸ¥è¯†ç‚¹å’Œä»£ç å®ç°ã€nlp4han:ä¸­æ–‡è‡ªç„¶è¯­è¨€å¤„ç†å·¥å…·é›†(æ–­å¥/åˆ†è¯/è¯æ€§æ ‡æ³¨/ç»„å—/å¥æ³•åˆ†æ/è¯­ä¹‰åˆ†æ/NER/Nå…ƒè¯­æ³•/HMM/ä»£è¯æ¶ˆè§£/æƒ…æ„Ÿåˆ†æ/æ‹¼å†™æ£€æŸ¥ã€XLMï¼šFacebookçš„è·¨è¯­è¨€é¢„è®­ç»ƒè¯­è¨€æ¨¡å‹ã€ç”¨åŸºäºBERTçš„å¾®è°ƒå’Œç‰¹å¾æå–æ–¹æ³•æ¥è¿›è¡ŒçŸ¥è¯†å›¾è°±ç™¾åº¦ç™¾ç§‘äººç‰©è¯æ¡å±æ€§æŠ½å–ã€ä¸­æ–‡è‡ªç„¶è¯­è¨€å¤„ç†ç›¸å…³çš„å¼€æ”¾ä»»åŠ¡-æ•°æ®é›†-å½“å‰æœ€ä½³ç»“æœã€CoupletAI - åŸºäºCNN+Bi-LSTM+Attention çš„è‡ªåŠ¨å¯¹å¯¹è”ç³»ç»Ÿã€æŠ½è±¡çŸ¥è¯†å›¾è°±ã€MiningZhiDaoQACorpus - 580ä¸‡ç™¾åº¦çŸ¥é“é—®ç­”æ•°æ®æŒ–æ˜é¡¹ç›®ã€brat rapid annotation tool: åºåˆ—æ ‡æ³¨å·¥å…·ã€å¤§è§„æ¨¡ä¸­æ–‡çŸ¥è¯†å›¾è°±æ•°æ®ï¼š1.4äº¿å®ä½“ã€æ•°æ®å¢å¼ºåœ¨æœºå™¨ç¿»è¯‘åŠå…¶ä»–nlpä»»åŠ¡ä¸­çš„åº”ç”¨åŠæ•ˆæœã€allennlpé˜…è¯»ç†è§£:æ”¯æŒå¤šç§æ•°æ®å’Œæ¨¡å‹ã€PDFè¡¨æ ¼æ•°æ®æå–å·¥å…· ã€ Graphbrainï¼šAIå¼€æºè½¯ä»¶åº“å’Œç§‘ç ”å·¥å…·ï¼Œç›®çš„æ˜¯ä¿ƒè¿›è‡ªåŠ¨æ„ä¹‰æå–å’Œæ–‡æœ¬ç†è§£ä»¥åŠçŸ¥è¯†çš„æ¢ç´¢å’Œæ¨æ–­ã€ç®€å†è‡ªåŠ¨ç­›é€‰ç³»ç»Ÿã€åŸºäºå‘½åå®ä½“è¯†åˆ«çš„ç®€å†è‡ªåŠ¨æ‘˜è¦ã€ä¸­æ–‡è¯­è¨€ç†è§£æµ‹è¯„åŸºå‡†ï¼ŒåŒ…æ‹¬ä»£è¡¨æ€§çš„æ•°æ®é›†&åŸºå‡†æ¨¡å‹&è¯­æ–™åº“&æ’è¡Œæ¦œã€æ ‘æ´ OCR æ–‡å­—è¯†åˆ« ã€ä»åŒ…å«è¡¨æ ¼çš„æ‰«æå›¾ç‰‡ä¸­è¯†åˆ«è¡¨æ ¼å’Œæ–‡å­—ã€è¯­å£°è¿ç§»ã€Pythonå£è¯­è‡ªç„¶è¯­è¨€å¤„ç†å·¥å…·é›†(è‹±æ–‡)ã€ similarityï¼šç›¸ä¼¼åº¦è®¡ç®—å·¥å…·åŒ…ï¼Œjavaç¼–å†™ã€æµ·é‡ä¸­æ–‡é¢„è®­ç»ƒALBERTæ¨¡å‹ ã€Transformers 2.0 ã€åŸºäºå¤§è§„æ¨¡éŸ³é¢‘æ•°æ®é›†Audiosetçš„éŸ³é¢‘å¢å¼º ã€Poplarï¼šç½‘é¡µç‰ˆè‡ªç„¶è¯­è¨€æ ‡æ³¨å·¥å…·ã€å›¾ç‰‡æ–‡å­—å»é™¤ï¼Œå¯ç”¨äºæ¼«ç”»ç¿»è¯‘ ã€186ç§è¯­è¨€çš„æ•°å­—å«æ³•åº“ã€Amazonå‘å¸ƒåŸºäºçŸ¥è¯†çš„äºº-äººå¼€æ”¾é¢†åŸŸå¯¹è¯æ•°æ®é›† ã€ä¸­æ–‡æ–‡æœ¬çº é”™æ¨¡å—ä»£ç ã€ç¹ç®€ä½“è½¬æ¢ ã€ Pythonå®ç°çš„å¤šç§æ–‡æœ¬å¯è¯»æ€§è¯„ä»·æŒ‡æ ‡ã€ç±»ä¼¼äºäººå/åœ°å/ç»„ç»‡æœºæ„åçš„å‘½åä½“è¯†åˆ«æ•°æ®é›† ã€ä¸œå—å¤§å­¦ã€ŠçŸ¥è¯†å›¾è°±ã€‹ç ”ç©¶ç”Ÿè¯¾ç¨‹(èµ„æ–™)ã€. è‹±æ–‡æ‹¼å†™æ£€æŸ¥åº“ ã€ wwsearchæ˜¯ä¼ä¸šå¾®ä¿¡åå°è‡ªç ”çš„å…¨æ–‡æ£€ç´¢å¼•æ“ã€CHAMELEONï¼šæ·±åº¦å­¦ä¹ æ–°é—»æ¨èç³»ç»Ÿå…ƒæ¶æ„ ã€ 8ç¯‡è®ºæ–‡æ¢³ç†BERTç›¸å…³æ¨¡å‹è¿›å±•ä¸åæ€ã€DocSearchï¼šå…è´¹æ–‡æ¡£æœç´¢å¼•æ“ã€ LIDAï¼šè½»é‡äº¤äº’å¼å¯¹è¯æ ‡æ³¨å·¥å…· ã€aili - the fastest in-memory index in the East ä¸œåŠçƒæœ€å¿«å¹¶å‘ç´¢å¼• ã€çŸ¥è¯†å›¾è°±è½¦éŸ³å·¥ä½œé¡¹ç›®ã€è‡ªç„¶è¯­è¨€ç”Ÿæˆèµ„æºå¤§å…¨ ã€ä¸­æ—¥éŸ©åˆ†è¯åº“mecabçš„Pythonæ¥å£åº“ã€ä¸­æ–‡æ–‡æœ¬æ‘˜è¦/å…³é”®è¯æå–ã€æ±‰å­—å­—ç¬¦ç‰¹å¾æå–å™¨ (featurizer)ï¼Œæå–æ±‰å­—çš„ç‰¹å¾ï¼ˆå‘éŸ³ç‰¹å¾ã€å­—å½¢ç‰¹å¾ï¼‰ç”¨åšæ·±åº¦å­¦ä¹ çš„ç‰¹å¾ã€ä¸­æ–‡ç”Ÿæˆä»»åŠ¡åŸºå‡†æµ‹è¯„ ã€ä¸­æ–‡ç¼©å†™æ•°æ®é›†ã€ä¸­æ–‡ä»»åŠ¡åŸºå‡†æµ‹è¯„ - ä»£è¡¨æ€§çš„æ•°æ®é›†-åŸºå‡†(é¢„è®­ç»ƒ)æ¨¡å‹-è¯­æ–™åº“-baseline-å·¥å…·åŒ…-æ’è¡Œæ¦œã€PySS3ï¼šé¢å‘å¯è§£é‡ŠAIçš„SS3æ–‡æœ¬åˆ†ç±»å™¨æœºå™¨å¯è§†åŒ–å·¥å…· ã€ä¸­æ–‡NLPæ•°æ®é›†åˆ—è¡¨ã€COPE - æ ¼å¾‹è¯—ç¼–è¾‘ç¨‹åºã€doccanoï¼šåŸºäºç½‘é¡µçš„å¼€æºååŒå¤šè¯­è¨€æ–‡æœ¬æ ‡æ³¨å·¥å…· ã€PreNLPï¼šè‡ªç„¶è¯­è¨€é¢„å¤„ç†åº“ã€ç®€å•çš„ç®€å†è§£æå™¨ï¼Œç”¨æ¥ä»ç®€å†ä¸­æå–å…³é”®ä¿¡æ¯ã€ç”¨äºä¸­æ–‡é—²èŠçš„GPT2æ¨¡å‹ï¼šGPT2-chitchatã€åŸºäºæ£€ç´¢èŠå¤©æœºå™¨äººå¤šè½®å“åº”é€‰æ‹©ç›¸å…³èµ„æºåˆ—è¡¨(Leaderboardsã€Datasetsã€Papers)ã€(Colab)æŠ½è±¡æ–‡æœ¬æ‘˜è¦å®ç°é›†é”¦(æ•™ç¨‹ ã€è¯è¯­æ‹¼éŸ³æ•°æ®ã€é«˜æ•ˆæ¨¡ç³Šæœç´¢å·¥å…·ã€NLPæ•°æ®å¢å¹¿èµ„æºé›†ã€å¾®è½¯å¯¹è¯æœºå™¨äººæ¡†æ¶ ã€ GitHub Typo Corpusï¼šå¤§è§„æ¨¡GitHubå¤šè¯­è¨€æ‹¼å†™é”™è¯¯/è¯­æ³•é”™è¯¯æ•°æ®é›†ã€TextClusterï¼šçŸ­æ–‡æœ¬èšç±»é¢„å¤„ç†æ¨¡å— Short text clusterã€é¢å‘è¯­éŸ³è¯†åˆ«çš„ä¸­æ–‡æ–‡æœ¬è§„èŒƒåŒ–ã€BLINKï¼šæœ€å…ˆè¿›çš„å®ä½“é“¾æ¥åº“ã€BertPuncï¼šåŸºäºBERTçš„æœ€å…ˆè¿›æ ‡ç‚¹ä¿®å¤æ¨¡å‹ã€Tokenizerï¼šå¿«é€Ÿã€å¯å®šåˆ¶çš„æ–‡æœ¬è¯æ¡åŒ–åº“ã€ä¸­æ–‡è¯­è¨€ç†è§£æµ‹è¯„åŸºå‡†ï¼ŒåŒ…æ‹¬ä»£è¡¨æ€§çš„æ•°æ®é›†ã€åŸºå‡†(é¢„è®­ç»ƒ)æ¨¡å‹ã€è¯­æ–™åº“ã€æ’è¡Œæ¦œã€spaCy åŒ»å­¦æ–‡æœ¬æŒ–æ˜ä¸ä¿¡æ¯æå– ã€ NLPä»»åŠ¡ç¤ºä¾‹é¡¹ç›®ä»£ç é›†ã€ pythonæ‹¼å†™æ£€æŸ¥åº“ã€chatbot-list - è¡Œä¸šå†…å…³äºæ™ºèƒ½å®¢æœã€èŠå¤©æœºå™¨äººçš„åº”ç”¨å’Œæ¶æ„ã€ç®—æ³•åˆ†äº«å’Œä»‹ç»ã€è¯­éŸ³è´¨é‡è¯„ä»·æŒ‡æ ‡(MOSNet, BSSEval, STOI, PESQ, SRMR)ã€ ç”¨138GBè¯­æ–™è®­ç»ƒçš„æ³•æ–‡RoBERTaé¢„è®­ç»ƒè¯­è¨€æ¨¡å‹ ã€BERT-NER-Pytorchï¼šä¸‰ç§ä¸åŒæ¨¡å¼çš„BERTä¸­æ–‡NERå®éªŒã€æ— é“è¯å…¸ - æœ‰é“è¯å…¸çš„å‘½ä»¤è¡Œç‰ˆæœ¬ï¼Œæ”¯æŒè‹±æ±‰äº’æŸ¥å’Œåœ¨çº¿æŸ¥è¯¢ã€2019å¹´NLPäº®ç‚¹å›é¡¾ã€ Chinese medical dialogue data ä¸­æ–‡åŒ»ç–—å¯¹è¯æ•°æ®é›† ã€æœ€å¥½çš„æ±‰å­—æ•°å­—(ä¸­æ–‡æ•°å­—)-é˜¿æ‹‰ä¼¯æ•°å­—è½¬æ¢å·¥å…·ã€ åŸºäºç™¾ç§‘çŸ¥è¯†åº“çš„ä¸­æ–‡è¯è¯­å¤šè¯ä¹‰/ä¹‰é¡¹è·å–ä¸ç‰¹å®šå¥å­è¯è¯­è¯­ä¹‰æ¶ˆæ­§ã€awesome-nlp-sentiment-analysis - æƒ…æ„Ÿåˆ†æã€æƒ…ç»ªåŸå› è¯†åˆ«ã€è¯„ä»·å¯¹è±¡å’Œè¯„ä»·è¯æŠ½å–ã€LineFlowï¼šé¢å‘æ‰€æœ‰æ·±åº¦å­¦ä¹ æ¡†æ¶çš„NLPæ•°æ®é«˜æ•ˆåŠ è½½å™¨ã€ä¸­æ–‡åŒ»å­¦NLPå…¬å¼€èµ„æºæ•´ç† ã€MedQuADï¼š(è‹±æ–‡)åŒ»å­¦é—®ç­”æ•°æ®é›†ã€å°†è‡ªç„¶è¯­è¨€æ•°å­—ä¸²è§£æè½¬æ¢ä¸ºæ•´æ•°å’Œæµ®ç‚¹æ•°ã€Transfer Learning in Natural Language Processing (NLP) ã€é¢å‘è¯­éŸ³è¯†åˆ«çš„ä¸­æ–‡/è‹±æ–‡å‘éŸ³è¾å…¸ã€Tokenizersï¼šæ³¨é‡æ€§èƒ½ä¸å¤šåŠŸèƒ½æ€§çš„æœ€å…ˆè¿›åˆ†è¯å™¨ã€CLUENER ç»†ç²’åº¦å‘½åå®ä½“è¯†åˆ« Fine Grained Named Entity Recognitionã€ åŸºäºBERTçš„ä¸­æ–‡å‘½åå®ä½“è¯†åˆ«ã€ä¸­æ–‡è°£è¨€æ•°æ®åº“ã€NLPæ•°æ®é›†/åŸºå‡†ä»»åŠ¡å¤§åˆ—è¡¨ã€nlpç›¸å…³çš„ä¸€äº›è®ºæ–‡åŠä»£ç , åŒ…æ‹¬ä¸»é¢˜æ¨¡å‹ã€è¯å‘é‡(Word Embedding)ã€å‘½åå®ä½“è¯†åˆ«(NER)ã€æ–‡æœ¬åˆ†ç±»(Text Classificatin)ã€æ–‡æœ¬ç”Ÿæˆ(Text Generation)ã€æ–‡æœ¬ç›¸ä¼¼æ€§(Text Similarity)è®¡ç®—ç­‰ï¼Œæ¶‰åŠåˆ°å„ç§ä¸nlpç›¸å…³çš„ç®—æ³•ï¼ŒåŸºäºkeraså’Œtensorflow ã€Pythonæ–‡æœ¬æŒ–æ˜/NLPå®æˆ˜ç¤ºä¾‹ã€ Blackstoneï¼šé¢å‘éç»“æ„åŒ–æ³•å¾‹æ–‡æœ¬çš„spaCy pipelineå’ŒNLPæ¨¡å‹é€šè¿‡åŒä¹‰è¯æ›¿æ¢å®ç°æ–‡æœ¬â€œå˜è„¸â€ ã€ä¸­æ–‡ é¢„è®­ç»ƒ ELECTREA æ¨¡å‹: åŸºäºå¯¹æŠ—å­¦ä¹  pretrain Chinese Model ã€albert-chinese-ner - ç”¨é¢„è®­ç»ƒè¯­è¨€æ¨¡å‹ALBERTåšä¸­æ–‡NER ã€åŸºäºGPT2çš„ç‰¹å®šä¸»é¢˜æ–‡æœ¬ç”Ÿæˆ/æ–‡æœ¬å¢å¹¿ã€å¼€æºé¢„è®­ç»ƒè¯­è¨€æ¨¡å‹åˆé›†ã€å¤šè¯­è¨€å¥å‘é‡åŒ…ã€ç¼–ç ã€æ ‡è®°å’Œå®ç°ï¼šä¸€ç§å¯æ§é«˜æ•ˆçš„æ–‡æœ¬ç”Ÿæˆæ–¹æ³•ã€ è‹±æ–‡è„è¯å¤§åˆ—è¡¨ ã€attnvisï¼šGPT2ã€BERTç­‰transformerè¯­è¨€æ¨¡å‹æ³¨æ„åŠ›äº¤äº’å¯è§†åŒ–ã€CoVoSTï¼šFacebookå‘å¸ƒçš„å¤šè¯­ç§è¯­éŸ³-æ–‡æœ¬ç¿»è¯‘è¯­æ–™åº“ï¼ŒåŒ…æ‹¬11ç§è¯­è¨€(æ³•è¯­ã€å¾·è¯­ã€è·å…°è¯­ã€ä¿„è¯­ã€è¥¿ç­ç‰™è¯­ã€æ„å¤§åˆ©è¯­ã€åœŸè€³å…¶è¯­ã€æ³¢æ–¯è¯­ã€ç‘å…¸è¯­ã€è’™å¤è¯­å’Œä¸­æ–‡)çš„è¯­éŸ³ã€æ–‡å­—è½¬å½•åŠè‹±æ–‡è¯‘æ–‡ã€Jiaguè‡ªç„¶è¯­è¨€å¤„ç†å·¥å…· - ä»¥BiLSTMç­‰æ¨¡å‹ä¸ºåŸºç¡€ï¼Œæä¾›çŸ¥è¯†å›¾è°±å…³ç³»æŠ½å– ä¸­æ–‡åˆ†è¯ è¯æ€§æ ‡æ³¨ å‘½åå®ä½“è¯†åˆ« æƒ…æ„Ÿåˆ†æ æ–°è¯å‘ç° å…³é”®è¯ æ–‡æœ¬æ‘˜è¦ æ–‡æœ¬èšç±»ç­‰åŠŸèƒ½ã€ç”¨unetå®ç°å¯¹æ–‡æ¡£è¡¨æ ¼çš„è‡ªåŠ¨æ£€æµ‹ï¼Œè¡¨æ ¼é‡å»ºã€NLPäº‹ä»¶æå–æ–‡çŒ®èµ„æºåˆ—è¡¨ ã€ é‡‘èé¢†åŸŸè‡ªç„¶è¯­è¨€å¤„ç†ç ”ç©¶èµ„æºå¤§åˆ—è¡¨ã€CLUEDatasetSearch - ä¸­è‹±æ–‡NLPæ•°æ®é›†ï¼šæœç´¢æ‰€æœ‰ä¸­æ–‡NLPæ•°æ®é›†ï¼Œé™„å¸¸ç”¨è‹±æ–‡NLPæ•°æ®é›† ã€medical_NER - ä¸­æ–‡åŒ»å­¦çŸ¥è¯†å›¾è°±å‘½åå®ä½“è¯†åˆ« ã€(å“ˆä½›)è®²å› æœæ¨ç†çš„å…è´¹ä¹¦ã€çŸ¥è¯†å›¾è°±ç›¸å…³å­¦ä¹ èµ„æ–™/æ•°æ®é›†/å·¥å…·èµ„æºå¤§åˆ—è¡¨ã€Forteï¼šçµæ´»å¼ºå¤§çš„è‡ªç„¶è¯­è¨€å¤„ç†pipelineå·¥å…·é›† ã€Pythonå­—ç¬¦ä¸²ç›¸ä¼¼æ€§ç®—æ³•åº“ã€PyLaiaï¼šé¢å‘æ‰‹å†™æ–‡æ¡£åˆ†æçš„æ·±åº¦å­¦ä¹ å·¥å…·åŒ…ã€TextFoolerï¼šé’ˆå¯¹æ–‡æœ¬åˆ†ç±»/æ¨ç†çš„å¯¹æŠ—æ–‡æœ¬ç”Ÿæˆæ¨¡å—ã€Haystackï¼šçµæ´»ã€å¼ºå¤§çš„å¯æ‰©å±•é—®ç­”(QA)æ¡†æ¶ã€ä¸­æ–‡å…³é”®çŸ­è¯­æŠ½å–å·¥å…·"
32,Python,12306,29498,9335,Python,https://github.com/testerSunshine/12306,testerSunshine,258,2021-01-11T03:52:27Z,12306æ™ºèƒ½åˆ·ç¥¨ï¼Œè®¢ç¥¨
33,Python,localstack,29485,2338,Python,https://github.com/localstack/localstack,localstack,273,2021-04-05T23:03:38Z,ğŸ’»  A fully functional local AWS cloud stack. Develop and test your cloud & Serverless apps offline!
34,Python,AiLearning,29346,9932,Python,https://github.com/apachecn/AiLearning,apachecn,33,2021-01-20T16:02:37Z,AiLearning: æœºå™¨å­¦ä¹  - MachineLearning - MLã€æ·±åº¦å­¦ä¹  - DeepLearning - DLã€è‡ªç„¶è¯­è¨€å¤„ç† NLP
35,Python,fastapi,29310,2029,Python,https://github.com/tiangolo/fastapi,tiangolo,782,2021-04-05T05:59:31Z,"FastAPI framework, high performance, easy to learn, fast to code, ready for production"
36,Python,pandas,29231,12158,Python,https://github.com/pandas-dev/pandas,pandas-dev,3738,2021-04-05T23:01:32Z,"Flexible and powerful data analysis / manipulation library for Python, providing labeled data structures similar to R data.frame objects, statistical functions, and much more"
37,Python,python-patterns,28011,5797,Python,https://github.com/faif/python-patterns,faif,10,2021-01-25T22:10:37Z,A collection of design patterns/idioms in Python
38,Python,certbot,27869,3070,Python,https://github.com/certbot/certbot,certbot,579,2021-04-06T00:06:47Z,Certbot is EFF's tool to obtain certs from Let's Encrypt and (optionally) auto-enable HTTPS on your server.  It can also act as a client for any other CA that uses the ACME protocol.
39,Python,sentry,27696,3106,Python,https://github.com/getsentry/sentry,getsentry,310,2021-04-06T00:41:05Z,"Sentry is cross-platform application monitoring, with a focus on error reporting."
40,Python,bert,27530,7802,Python,https://github.com/google-research/bert,google-research,781,2021-02-25T12:31:57Z,TensorFlow code and pre-trained models for BERT
41,Python,wtfpython,26389,2208,Python,https://github.com/satwikkansal/wtfpython,satwikkansal,52,2021-03-20T09:52:36Z,What the f*ck Python? ğŸ˜±
42,Python,DeepFaceLab,25678,5738,Python,https://github.com/iperov/DeepFaceLab,iperov,274,2021-04-02T12:13:30Z,DeepFaceLab is the leading software for creating deepfakes.
43,Python,rich,25024,744,Python,https://github.com/willmcgugan/rich,willmcgugan,4,2021-04-05T10:04:34Z,Rich is a Python library for rich text and beautiful formatting in the terminal.
44,Python,Detectron,24264,5314,Python,https://github.com/facebookresearch/Detectron,facebookresearch,319,2021-04-01T12:34:06Z,"FAIR's research platform for object detection research, implementing popular algorithms like Mask R-CNN and RetinaNet."
45,Python,sherlock,24144,2433,Python,https://github.com/sherlock-project/sherlock,sherlock-project,125,2021-04-05T19:39:32Z,ğŸ” Hunt down social media accounts by username across social networks
46,Python,cheat.sh,23908,1219,Python,https://github.com/chubin/cheat.sh,chubin,84,2021-03-18T14:27:51Z,the only cheat sheet you need
47,Python,gym,23850,6822,Python,https://github.com/openai/gym,openai,285,2021-04-05T19:48:10Z,A toolkit for developing and comparing reinforcement learning algorithms.
48,Python,Real-Time-Voice-Cloning,23708,4601,Python,https://github.com/CorentinJ/Real-Time-Voice-Cloning,CorentinJ,12,2021-04-05T03:51:07Z,Clone a voice in 5 seconds to generate arbitrary speech in real-time
49,Python,PayloadsAllTheThings,23198,6839,Python,https://github.com/swisskyrepo/PayloadsAllTheThings,swisskyrepo,11,2021-04-02T20:39:36Z,A list of useful payloads and bypass for Web Application Security and Pentest/CTF
50,Python,YouCompleteMe,22714,2631,Python,https://github.com/ycm-core/YouCompleteMe,ycm-core,36,2021-04-05T21:03:11Z,A code-completion engine for Vim
51,Python,linux-insides,22557,2587,Python,https://github.com/0xAX/linux-insides,0xAX,42,2021-03-20T16:32:02Z,A little bit about a linux kernel
52,Python,HanLP,22447,6014,Python,https://github.com/hankcs/HanLP,hankcs,4,2021-03-28T15:49:20Z,ä¸­æ–‡åˆ†è¯ è¯æ€§æ ‡æ³¨ å‘½åå®ä½“è¯†åˆ« ä¾å­˜å¥æ³•åˆ†æ è¯­ä¹‰ä¾å­˜åˆ†æ æ–°è¯å‘ç° å…³é”®è¯çŸ­è¯­æå– è‡ªåŠ¨æ‘˜è¦ æ–‡æœ¬åˆ†ç±»èšç±» æ‹¼éŸ³ç®€ç¹è½¬æ¢ è‡ªç„¶è¯­è¨€å¤„ç†
53,Python,compose,22282,3715,Python,https://github.com/docker/compose,docker,515,2021-04-05T21:23:18Z,Define and run multi-container applications with Docker
54,Python,interactive-coding-challenges,22212,3558,Python,https://github.com/donnemartin/interactive-coding-challenges,donnemartin,58,2020-12-11T15:29:16Z,120+ interactive Python coding interview challenges (algorithms and data structures).  Includes Anki flashcards.
55,Python,Python,22108,9864,Python,https://github.com/geekcomputers/Python,geekcomputers,202,2021-04-05T07:18:22Z,My Python Examples
56,Python,mitmproxy,21987,2816,Python,https://github.com/mitmproxy/mitmproxy,mitmproxy,231,2021-04-05T08:31:54Z,An interactive TLS-capable intercepting HTTP proxy for penetration testers and software developers.
57,Python,d2l-zh,21968,5469,Python,https://github.com/d2l-ai/d2l-zh,d2l-ai,8,2021-04-05T03:59:34Z,ã€ŠåŠ¨æ‰‹å­¦æ·±åº¦å­¦ä¹ ã€‹ï¼šé¢å‘ä¸­æ–‡è¯»è€…ã€èƒ½è¿è¡Œã€å¯è®¨è®ºã€‚ä¸­è‹±æ–‡ç‰ˆè¢«å…¨çƒ175æ‰€å¤§å­¦é‡‡ç”¨æ•™å­¦ã€‚
58,Python,python-cheatsheet,21951,4016,Python,https://github.com/gto76/python-cheatsheet,gto76,23,2021-04-04T09:56:43Z,Comprehensive Python Cheatsheet
59,Python,pipenv,21718,1607,Python,https://github.com/pypa/pipenv,pypa,516,2021-04-01T12:34:07Z, Python Development Workflow for Humans.
60,Python,ItChat,21333,5016,Python,https://github.com/littlecodersh/ItChat,littlecodersh,231,2021-03-31T05:56:33Z,A complete and graceful API for Wechat. å¾®ä¿¡ä¸ªäººå·æ¥å£ã€å¾®ä¿¡æœºå™¨äººåŠå‘½ä»¤è¡Œå¾®ä¿¡ï¼Œä¸‰åè¡Œå³å¯è‡ªå®šä¹‰ä¸ªäººå·æœºå™¨äººã€‚
61,Python,airflow,21038,8278,Python,https://github.com/apache/airflow,apache,952,2021-04-06T00:44:06Z,"Apache Airflow - A platform to programmatically author, schedule, and monitor workflows"
62,Python,data-science-ipython-notebooks,20903,6513,Python,https://github.com/donnemartin/data-science-ipython-notebooks,donnemartin,20,2021-02-18T10:51:00Z,"Data science Python notebooks: Deep learning (TensorFlow, Theano, Caffe, Keras), scikit-learn, Kaggle, big data (Spark, Hadoop MapReduce, HDFS), matplotlib, pandas, NumPy, SciPy, Python essentials, AWS, and various command lines."
63,Python,django-rest-framework,20624,5623,Python,https://github.com/encode/django-rest-framework,encode,217,2021-04-05T17:18:35Z,Web APIs for Django. ğŸ¸
64,Python,algo,20427,1765,Python,https://github.com/trailofbits/algo,trailofbits,92,2021-03-16T00:12:09Z,Set up a personal VPN in the cloud
65,Python,black,20165,1302,Python,https://github.com/psf/black,psf,439,2021-04-04T21:40:23Z,The uncompromising Python code formatter
66,Python,pytorch-tutorial,20125,6349,Python,https://github.com/yunjey/pytorch-tutorial,yunjey,77,2021-03-10T08:49:34Z,PyTorch Tutorial for Deep Learning Researchers
67,Python,spaCy,20090,3357,Python,https://github.com/explosion/spaCy,explosion,116,2021-04-05T22:11:35Z,ğŸ’« Industrial-strength Natural Language Processing (NLP) in Python
68,Python,tornado,19912,5351,Python,https://github.com/tornadoweb/tornado,tornadoweb,225,2021-04-03T16:36:59Z,"Tornado is a Python web framework and asynchronous networking library, originally developed at FriendFeed."
69,Python,sqlmap,19769,4237,Python,https://github.com/sqlmapproject/sqlmap,sqlmapproject,45,2021-04-05T17:00:41Z,Automatic SQL injection and database takeover tool
70,Python,Mask_RCNN,19728,9499,Python,https://github.com/matterport/Mask_RCNN,matterport,1653,2021-04-04T20:32:15Z,Mask R-CNN for object detection and instance segmentation on Keras and TensorFlow
71,Python,ML-From-Scratch,19685,3798,Python,https://github.com/eriklindernoren/ML-From-Scratch,eriklindernoren,38,2021-03-23T07:52:00Z,Machine Learning From Scratch. Bare bones NumPy implementations of machine learning models and algorithms with a focus on accessibility. Aims to cover everything from linear regression to deep learning.
72,Python,algorithms,18963,3898,Python,https://github.com/keon/algorithms,keon,159,2021-04-04T05:59:33Z,Minimal examples of data structures and algorithms in Python
73,Python,python-fire,18893,1139,Python,https://github.com/google/python-fire,google,99,2021-04-01T15:28:56Z,Python Fire is a library for automatically generating command line interfaces (CLIs) from absolutely any Python object.
74,Python,redash,18512,3183,Python,https://github.com/getredash/redash,getredash,609,2021-04-06T00:06:33Z,"Make Your Company Data Driven. Connect to any data source, easily visualize, dashboard and share your data."
75,Python,algo,18407,5942,Python,https://github.com/wangzheng0822/algo,wangzheng0822,133,2021-04-01T09:35:09Z,æ•°æ®ç»“æ„å’Œç®—æ³•å¿…çŸ¥å¿…ä¼šçš„50ä¸ªä»£ç å®ç°
76,Python,NLP-progress,18241,3093,Python,https://github.com/sebastianruder/NLP-progress,sebastianruder,29,2021-03-23T21:00:13Z,"Repository to track the progress in Natural Language Processing (NLP), including the datasets and the current state-of-the-art for the most common NLP tasks."
77,Python,glances,18112,1181,Python,https://github.com/nicolargo/glances,nicolargo,201,2021-04-03T16:00:31Z,"Glances an Eye on your system. A top/htop alternative for GNU/Linux, BSD, Mac OS and Windows operating systems."
78,Python,tqdm,17948,925,Python,https://github.com/tqdm/tqdm,tqdm,279,2021-04-06T00:32:42Z,"A Fast, Extensible Progress Bar for Python and CLI"
79,Python,macOS-Security-and-Privacy-Guide,17866,1273,Python,https://github.com/drduh/macOS-Security-and-Privacy-Guide,drduh,7,2020-11-11T19:58:48Z,Guide to securing and improving privacy on macOS
80,Python,hosts,17606,1561,Python,https://github.com/StevenBlack/hosts,StevenBlack,37,2021-04-05T01:14:53Z,"ğŸ”’ Consolidating and extending hosts files from several well-curated sources. Optionally pick extensions for porn, social media, and other categories."
81,Python,Depix,17565,2098,Python,https://github.com/beurtschipper/Depix,beurtschipper,5,2021-03-27T16:03:45Z,Recovers passwords from pixelized screenshots
82,Python,celery,17013,3976,Python,https://github.com/celery/celery,celery,497,2021-04-05T14:00:29Z,Distributed Task Queue (development branch)
83,Python,numpy,16748,5377,Python,https://github.com/numpy/numpy,numpy,2269,2021-04-05T21:39:36Z,The fundamental package for scientific computing with Python.
84,Python,magenta,16475,3400,Python,https://github.com/magenta/magenta,magenta,301,2021-03-30T17:25:43Z,Magenta: Music and Art Generation with Machine Intelligence
85,Python,spleeter,16004,1653,Python,https://github.com/deezer/spleeter,deezer,83,2021-04-02T14:21:24Z,Deezer source separation library including pretrained models.
86,Python,CheatSheetSeries,15874,2311,Python,https://github.com/OWASP/CheatSheetSeries,OWASP,28,2021-04-04T15:36:01Z,The OWASP Cheat Sheet Series was created to provide a concise collection of high value information on specific application security topics.
87,Python,examples,15838,7428,Python,https://github.com/pytorch/examples,pytorch,308,2021-04-02T22:08:21Z,"A set of examples around pytorch in Vision, Text, Reinforcement Learning, etc."
88,Python,bitcoinbook,15815,4352,Python,https://github.com/bitcoinbook/bitcoinbook,bitcoinbook,60,2021-04-04T20:43:40Z,Mastering Bitcoin 2nd Edition - Programming the Open Blockchain
89,Python,locust,15768,2098,Python,https://github.com/locustio/locust,locustio,54,2021-04-04T08:31:17Z,Scalable user load testing tool written in Python
90,Python,detectron2,15767,4041,Python,https://github.com/facebookresearch/detectron2,facebookresearch,95,2021-04-05T23:22:08Z,Detectron2 is FAIR's next-generation platform for object detection and segmentation.
91,Python,reddit,15708,2872,Python,https://github.com/reddit-archive/reddit,reddit-archive,304,2017-10-17T19:57:07Z,historical code from reddit.com
92,Python,cascadia-code,15636,475,Python,https://github.com/microsoft/cascadia-code,microsoft,43,2021-03-31T20:22:38Z,"This is a fun, new monospaced font that includes programming ligatures and is designed to enhance the modern look and feel of the Windows Terminal."
93,Python,TensorFlow-Course,15538,3130,Python,https://github.com/instillai/TensorFlow-Course,instillai,2,2020-12-21T21:15:27Z,:satellite: Simple and ready-to-use tutorials for TensorFlow 
94,Python,jumpserver,15524,4129,Python,https://github.com/jumpserver/jumpserver,jumpserver,151,2021-04-05T04:05:55Z,JumpServer æ˜¯å…¨çƒé¦–æ¬¾å¼€æºçš„å ¡å’æœºï¼Œæ˜¯ç¬¦åˆ 4A çš„ä¸“ä¸šè¿ç»´å®‰å…¨å®¡è®¡ç³»ç»Ÿã€‚
95,Python,ray,15478,2519,Python,https://github.com/ray-project/ray,ray-project,1459,2021-04-06T00:35:32Z,"An open source framework that provides a simple, universal API for building distributed applications. Ray is packaged with RLlib, a scalable reinforcement learning library, and Tune, a scalable hyperparameter tuning library."
96,Python,professional-programming,15445,1388,Python,https://github.com/charlax/professional-programming,charlax,0,2021-03-25T11:21:47Z,A collection of full-stack resources for programmers.
97,Python,toml,15098,737,Python,https://github.com/toml-lang/toml,toml-lang,38,2021-04-01T08:04:49Z,"Tom's Obvious, Minimal Language"
98,Python,pyspider,14945,3573,Python,https://github.com/binux/pyspider,binux,281,2021-03-09T08:53:54Z,A Powerful Spider(Web Crawler) System in Python.
99,Python,bokeh,14937,3684,Python,https://github.com/bokeh/bokeh,bokeh,671,2021-04-06T00:02:41Z,"Interactive Data Visualization in the browser, from  Python"
100,Python,sanic,14776,1334,Python,https://github.com/sanic-org/sanic,sanic-org,45,2021-04-06T00:32:10Z,Async Python 3.7+ web server/framework | Build fast. Run fast.
